# pitch accents for deck words, filtered from kanjium (github.com/mifunetoshiro/kanjium, CC BY-SA)
ああ	ああ	0
あしらう	あしらう	3
あたふた	あたふた	1
あっさり	あっさり	3
あどけない	あどけない	4
あの	あの	0
あのう	あのう	0
あべこべ	あべこべ	0
あわや	あわや	1
あわよくば	あわよくば	3
あんぐり	あんぐり	3
あんな	あんな	0
いじらしい	いじらしい	4
いそいそ	いそいそ	1
いっそ	いっそ	0
いみじくも	いみじくも	3
いやが上にも	いやがうえにも	5
いらっしゃいませ	いらっしゃいませ	6
うかうか	うかうか	1
うずうず	うずうず	1
うっかり	うっかり	3
うっとり	うっとり	3
うつらうつら	うつらうつら	4
うとうと	うとうと	1
うろうろ	うろうろ	1
うんざり	うんざり	3
ええ	ええ	1
ええと	ええと	0
おたおた	おたおた	1
おどおど	おどおど	1
おめおめ	おめおめ	1
おろおろ	おろおろ	1
お互い	おたがい	0
お兄さん	おにいさん	2
お姉さん	おねえさん	2
お手洗い	おてあらい	3
お母さん	おかあさん	2
お湯	おゆ	0
お父さん	おとうさん	2
お腹	おなか	0
お茶	おちゃ	0
お菓子	おかし	2
お金	おかね	0
お釣り	おつり	0
かき集める	かきあつめる	5
かんかん	かんかん	1
がたつく	がたつく	0
がっかり	がっかり	3
がっしり	がっしり	3
がっちり	がっちり	3
がみがみ	がみがみ	1
がやがや	がやがや	1
がんがん	がんがん	1
きちんと	きちんと	2
きっちり	きっちり	3
きっぱり	きっぱり	3
きつい	きつい	0
きまり悪い	きまりわるい	5
きょろきょろ	きょろきょろ	1
きらきら	きらきら	1
きりきり	きりきり	1
ぎこちない	ぎこちない	4
ぎっしり	ぎっしり	3
ぎょっと	ぎょっと	0
ぎりぎり	ぎりぎり	1
くすくす	くすくす	2
くっきり	くっきり	3
くどくど	くどくど	1
くよくよ	くよくよ	1
くるくる	くるくる	1
ぐっすり	ぐっすり	3
ぐったり	ぐったり	3
ぐらつく	ぐらつく	0
ぐるぐる	ぐるぐる	1
けたたましい	けたたましい	5
けれども	けれども	1
けろっと	けろっと	2
けろり	けろり	2
げっそり	げっそり	3
げらげら	げらげら	1
こそこそ	こそこそ	1
こそばゆい	こそばゆい	4
こっそり	こっそり	3
こってり	こってり	3
こつこつ	こつこつ	1
この際	このさい	3
これ	これ	1
こんな	こんな	0
こんもり	こんもり	3
ごっそり	ごっそり	3
ご飯	ごはん	1
さっぱり	さっぱり	3
さもしい	さもしい	3
ざあざあ	ざあざあ	1
ざっくり	ざっくり	3
ざわざわ	ざわざわ	1
ざわつく	ざわつく	0
しくしく	しくしく	2
しっちゃかめっちゃか	しっちゃかめっちゃか	5
しっとり	しっとり	3
しつこい	しつこい	3
しとしと	しとしと	2
しどろもどろ	しどろもどろ	4
しばしば	しばしば	1
しゃあしゃあ	しゃあしゃあ	3
しょんぼり	しょんぼり	3
しんみり	しんみり	3
じたばた	じたばた	1
じめじめ	じめじめ	1
じりじり	じりじり	1
じろじろ	じろじろ	1
じんわり	じんわり	3
すっかり	すっかり	3
すっきり	すっきり	3
すっぱり	すっぱり	3
すばしっこい	すばしっこい	5
すやすや	すやすや	1
すらすら	すらすら	1
すり替える	すりかえる	4
すると	すると	0
ずかずか	ずかずか	1
ずきずき	ずきずき	1
ずけずけ	ずけずけ	1
ずっと	ずっと	0
ずばり	ずばり	2
ずれる	ずれる	2
せかせか	せかせか	1
せき止める	せきとめる	4
せっせと	せっせと	1
せめて	せめて	1
そそくさ	そそくさ	1
そっと	そっと	0
その上	そのうえ	0
それ	それ	1
それにしても	それにしても	5
そろそろ	そろそろ	1
そわそわ	そわそわ	1
そんな	そんな	0
ぞくぞく	ぞくぞく	1
ぞっと	ぞっと	0
たった	たった	0
たっぷり	たっぷり	3
だから	だから	1
だが	だが	1
だらだら	だらだら	1
ちくちく	ちくちく	2
ちゃっかり	ちゃっかり	3
ちゃんと	ちゃんと	0
ちやほや	ちやほや	1
ちょっぴり	ちょっぴり	3
ちらちら	ちらちら	1
つい	つい	1
つかつか	つかつか	2
つと	つと	1
つべこべ	つべこべ	1
つれない	つれない	3
てきぱき	てきぱき	1
てくてく	てくてく	1
てっきり	てっきり	3
てんやわんや	てんやわんや	4
ですから	ですから	1
でっち上げる	でっちあげる	5
でも	でも	1
ときめく	ときめく	3
ともすると	ともすると	1
ともすれば	ともすれば	1
とんだ	とんだ	0
どう	どう	1
どうか	どうか	1
どうかすると	どうかすると	1
どうせ	どうせ	0
どうぞ	どうぞ	1
どうにか	どうにか	1
どうも	どうも	1
どうやら	どうやら	1
どきどき	どきどき	1
どっかり	どっかり	3
どっさり	どっさり	3
どっしり	どっしり	3
どんどん	どんどん	1
どんな	どんな	1
どんより	どんより	3
にこにこ	にこにこ	1
にっこり	にっこり	3
にも関わらず	にもかかわらず	1
にやにや	にやにや	1
ねちねち	ねちねち	1
ねっとり	ねっとり	3
のうのう	のうのう	3
のこのこ	のこのこ	1
のそのそ	のそのそ	1
のみならず	のみならず	1
のらりくらり	のらりくらり	2
のろのろ	のろのろ	1
のんびり	のんびり	3
はい	はい	1
はためく	はためく	3
はち切れる	はちきれる	4
はっきり	はっきり	3
はっと	はっと	1
はらはら	はらはら	1
ばっさり	ばっさり	3
ばっちり	ばっちり	3
ばらつく	ばらつく	0
ぱんぱん	ぱんぱん	0
ひけらかす	ひけらかす	4
ひそひそ	ひそひそ	2
ひび割れる	ひびわれる	4
ひょっこり	ひょっこり	3
ひりひり	ひりひり	1
ひんやり	ひんやり	3
びくびく	びくびく	1
ぴちぴち	ぴちぴち	2
ぴったり	ぴったり	3
ぴりぴり	ぴりぴり	1
ふいと	ふいと	0
ふんわり	ふんわり	3
ぶら下げる	ぶらさげる	0
ぶるぶる	ぶるぶる	1
ぷりぷり	ぷりぷり	1
へこたれる	へこたれる	0
へとへと	へとへと	0
へらへら	へらへら	1
べらべら	べらべら	1
ほんのり	ほんのり	3
ぼうっと	ぼうっと	0
ぼけっと	ぼけっと	2
ぼそぼそ	ぼそぼそ	1
ぼやく	ぼやく	2
ぼやける	ぼやける	3
ぼんやり	ぼんやり	3
まごまご	まごまご	1
まつ毛	まつげ	1
まんまと	まんまと	1
みっちり	みっちり	3
むかむか	むかむか	1
むさ苦しい	むさくるしい	5
むずむず	むずむず	1
めそめそ	めそめそ	1
もう	もう	1
もし	もし	1
もしもし	もしもし	1
もたもた	もたもた	1
もっと	もっと	1
やおら	やおら	1
やっと	やっと	0
やや	やや	1
やり直す	やりなおす	4
ゆっくり	ゆっくり	3
ゆったり	ゆったり	3
よろよろ	よろよろ	1
ろ過	ろか	1
わくわく	わくわく	1
わなわな	わなわな	1
アイコン	アイコン	1
アイスクリーム	アイスクリーム	5
アイデア	アイデア	1
アイロニー	アイロニー	1
アウトソーシング	アウトソーシング	4
アカウント	アカウント	2
アカデミック	アカデミック	4
アクセサリー	アクセサリー	1
アジェンダ	アジェンダ	2
アダプター	アダプター	2
アップ	あっぷ	1
アップデート	アップデート	4
アップロード	アップロード	4
アドバイス	アドバイス	3
アナログ	アナログ	0
アナロジー	アナロジー	2
アニメ	アニメ	1
アパート	アパート	2
アピール	アピール	2
アプリケーション	アプリケーション	4
アプローチ	アプローチ	3
アルゴリズム	アルゴリズム	4
アルバイト	アルバイト	3
アンケート	アンケート	1
イデオロギー	イデオロギー	3
イニシアチブ	イニシアチブ	4
イノベーション	イノベーション	3
イベント	イベント	0
イメージ	イメージ	2
インストール	インストール	4
インセンティブ	インセンティブ	3
インタビュー	インタビュー	1
インターネット	インターネット	5
インターフェース	インターフェース	5
インフラ	インフラ	0
ウイルス	ウイルス	2
エアコン	エアコン	0
エキセントリック	エキセントリック	6
エゴイスト	エゴイスト	3
エスカレーター	エスカレーター	4
エチケット	エチケット	1
エネルギー	エネルギー	2
エリア	エリア	1
エレベーター	エレベーター	3
エージェント	エージェント	1
オフ	おふ	1
オフィス	オフィス	1
オフライン	オフライン	3
オリジナル	オリジナル	2
オンライン	オンライン	3
オーバー	オーバー	1
カオス	カオス	1
カット	かっと	1
カテゴリー	カテゴリー	2
カバー	カバー	1
カメラ	カメラ	1
カリスマ	カリスマ	0
カレンダー	カレンダー	2
カレー	カレー	0
カロリー	カロリー	1
カーソル	カーソル	1
カード	カード	1
カーブ	かーぶ	1
ガソリン	ガソリン	0
キャリア	キャリア	1
キャンセル	キャンセル	1
キャンペーン	キャンペーン	3
キーボード	キーボード	3
キーワード	キーワード	3
ギャップ	ぎゃっぷ	1
クライアント	クライアント	2
クラス	クラス	1
クリック	クリック	2
クリティカル	クリティカル	2
クレーム	クレーム	2
グラス	グラス	1
グループ	グループ	2
ケーキ	ケーキ	1
ケース	ケース	1
ケーブル	ケーブル	1
ゲーム	ゲーム	1
コスト	コスト	1
コップ	コップ	0
コミュニケーション	コミュニケーション	4
コメント	コメント	0
コンサルタント	コンサルタント	3
コンサート	コンサート	1
コンセプト	コンセプト	3
コンセンサス	コンセンサス	3
コンセント	コンセント	1
コンタクト	コンタクト	1
コンテンツ	コンテンツ	3
コントロール	コントロール	4
コンビ	コンビ	1
コンビニ	コンビニ	0
コンピューター	コンピューター	3
コンプライアンス	コンプライアンス	4
コンプレックス	コンプレックス	4
コース	コース	1
コーディネート	コーディネート	4
コート	コート	1
コード	コード	1
コーナー	コーナー	1
コーヒー	コーヒー	3
ゴール	ごーる	1
ゴール	ゴール	1
サイズ	サイズ	1
サイト	サイト	1
サイン	サイン	1
サッカー	サッカー	1
サブ	サブ	1
サポート	サポート	2
サラダ	サラダ	1
サンダル	サンダル	0
サンドイッチ	サンドイッチ	4
サンプル	サンプル	1
サーバー	サーバー	1
サービス	サービス	1
シェア	シェア	1
システム	システム	1
シナジー	シナジー	1
シニカル	シニカル	1
シビア	シビア	2
シミュレーション	シミュレーション	3
シャツ	シャツ	1
ショック	ショック	1
シンプル	シンプル	1
ジャンル	ジャンル	1
ジュース	ジュース	1
ジレンマ	じれんま	2
ジーンズ	ジーンズ	1
スイッチ	スイッチ	2
スカート	スカート	2
スキャナー	スキャナー	2
スキル	スキル	2
スクリーン	スクリーン	3
スクロール	スクロール	3
スケジュール	スケジュール	2
スタイル	スタイル	2
スタッフ	スタッフ	2
スタンダード	スタンダード	4
スタート	スタート	2
ステレオタイプ	ステレオタイプ	5
ステーキ	ステーキ	2
ステータス	ステータス	2
ストイック	ストイック	3
ストップ	ストップ	2
ストレス	ストレス	2
ストーブ	ストーブ	2
スピーカー	スピーカー	2
スピーチ	スピーチ	2
スピード	スピード	0
スプーン	スプーン	2
スペシャリスト	スペシャリスト	4
スペース	スペース	2
スポンサー	スポンサー	2
スポーツ	スポーツ	2
スマート	スマート	2
スリッパ	スリッパ	1
スーツ	スーツ	1
スーパー	スーパー	1
スープ	スープ	1
ズボン	ズボン	2
セット	セット	1
センサー	センサー	1
センス	センス	1
セーター	セーター	1
セール	セール	1
ゼロ	ゼロ	1
ソフト	ソフト	1
ソフトウェア	ソフトウェア	4
タイプ	タイプ	1
タイミング	タイミング	0
タイムラグ	タイムラグ	4
タオル	タオル	1
タクシー	タクシー	1
タブレット	タブレット	1
タブー	タブー	2
ターゲット	ターゲット	1
ダウン	だうん	1
ダウンロード	ダウンロード	4
ダンス	ダンス	1
チェック	チェック	1
チェンジ	ちぇんじ	1
チケット	チケット	2
チャット	チャット	1
チャンス	チャンス	1
チャージ	チャージ	1
チョコレート	チョコレート	3
チーム	チーム	1
ツール	ツール	1
テキスト	テキスト	1
テクニック	テクニック	1
テスト	テスト	1
テニス	テニス	1
テレビ	テレビ	1
テンション	テンション	1
テンポ	テンポ	1
テーブル	テーブル	0
テーマ	テーマ	1
ディスカッション	ディスカッション	3
デザイン	デザイン	2
デジタル	デジタル	1
デッドライン	デッドライン	4
デバイス	デバイス	2
デパート	デパート	2
デメリット	デメリット	2
デリケート	デリケート	3
データ	データ	1
データベース	データベース	4
デート	デート	1
トイレ	トイレ	1
トップ	トップ	1
トラウマ	トラウマ	2
トラブル	トラブル	2
トレンド	トレンド	2
トンネル	トンネル	0
ドア	ドア	1
ドグマ	ドグマ	1
ドライブ	ドライブ	2
ナイフ	ナイフ	1
ナイーブ	ナイーブ	2
ニュアンス	ニュアンス	1
ニュース	ニュース	1
ニーズ	ニーズ	1
ネクタイ	ネクタイ	1
ネット	ネット	1
ネットワーク	ネットワーク	4
ノウハウ	ノウハウ	1
ノスタルジー	ノスタルジー	3
ノルマ	ノルマ	1
ノート	ノート	1
ハム	ハム	1
ハンカチ	ハンカチ	3
ハンドバッグ	ハンドバッグ	4
ハンバーガー	ハンバーガー	3
ハードウェア	ハードウェア	4
ハードル	ハードル	0
バス	バス	1
バター	バター	1
バックアップ	バックアップ	4
バッテリー	バッテリー	0
バナナ	バナナ	1
バランス	バランス	0
バリエーション	バリエーション	3
バージョン	バージョン	1
バーチャル	バーチャル	1
パスワード	パスワード	3
パソコン	パソコン	0
パターン	パターン	2
パニック	パニック	1
パラダイム	パラダイム	3
パラドックス	パラドックス	3
パン	パン	1
パーセント	パーセント	3
パーティー	パーティー	1
パート	パート	1
パートナー	パートナー	1
ヒエラルキー	ヒエラルキー	3
ヒント	ヒント	1
ヒーター	ヒーター	1
ビジネス	ビジネス	1
ビタミン	ビタミン	2
ビル	ビル	1
ビール	ビール	1
ピンチ	ピンチ	1
ファイル	ファイル	1
フィルム	フィルム	1
フィードバック	フィードバック	4
フォロー	フォロー	1
フォーク	フォーク	1
フォーマット	フォーマット	1
フレキシブル	フレキシブル	2
フレームワーク	フレームワーク	5
ブラウザ	ブラウザ	2
ブランド	ブランド	0
ブリーフィング	ブリーフィング	2
ブレークスルー	ブレークスルー	6
ブーム	ブーム	1
プライド	プライド	0
プライバシー	プライバシー	2
プラス	ぷらす	0
プラスチック	プラスチック	4
プラットホーム	プラットホーム	5
プラン	プラン	1
プリンター	プリンター	2
プレゼンス	プレゼンス	2
プレゼンテーション	プレゼンテーション	5
プレゼント	プレゼント	2
プレッシャー	プレッシャー	2
プロ	プロ	1
プログラミング	プログラミング	4
プログラム	プログラム	3
プロジェクト	プロジェクト	2
プロセス	プロセス	2
プロパガンダ	プロパガンダ	4
プール	プール	1
ヘゲモニー	ヘゲモニー	2
ベッド	ベッド	1
ベテラン	ベテラン	0
ベル	ベル	1
ベルト	ベルト	0
ペア	ペア	1
ペン	ペン	1
ペース	ペース	1
ペーソス	ペーソス	1
ホテル	ホテル	1
ホームページ	ホームページ	4
ボタン	ボタン	0
ボトルネック	ボトルネック	4
ボリューム	ボリューム	0
ボールペン	ボールペン	0
ポイント	ポイント	0
ポケット	ポケット	2
ポジション	ポジション	2
ポテンシャル	ポテンシャル	2
ポリシー	ポリシー	1
マイク	マイク	1
マイナス	まいなす	0
マウス	マウス	1
マスコミ	マスコミ	0
マナー	マナー	1
マニュアル	マニュアル	0
マフラー	マフラー	1
マンション	マンション	1
マーケット	マーケット	1
マーケティング	マーケティング	3
マージン	マージン	1
ミス	ミス	1
ミーティング	ミーティング	0
メイン	メイン	1
メカニズム	メカニズム	3
メタファー	メタファー	1
メディア	メディア	1
メニュー	メニュー	1
メランコリー	メランコリー	2
メリット	メリット	1
メンバー	メンバー	1
メール	メール	1
モチベーション	モチベーション	3
モチーフ	モチーフ	2
モットー	モットー	1
モデル	モデル	1
モニター	モニター	1
モラトリアム	モラトリアム	3
モラル	モラル	1
ユーザー	ユーザー	1
ユートピア	ユートピア	3
ユーモア	ユーモア	1
ライバル	ライバル	1
ラジオ	ラジオ	1
ラスト	ラスト	1
ラディカル	ラディカル	1
ラーメン	ラーメン	1
リアル	リアル	1
リサイクル	リサイクル	2
リサーチ	リサーチ	2
リスク	リスク	1
リスト	リスト	1
リズム	リズム	1
リターン	リターン	2
リテラシー	リテラシー	2
リフレッシュ	リフレッシュ	3
リモート	リモート	2
リラックス	リラックス	2
リンク	リンク	1
リーダー	リーダー	1
リード	りーど	1
ルーズ	ルーズ	1
ルール	ルール	1
レイアウト	レイアウト	3
レジ	レジ	1
レジャー	レジャー	1
レジュメ	レジュメ	0
レストラン	レストラン	1
レトリック	レトリック	3
レベル	レベル	1
レベルアップ	レベルアップ	4
レポート	レポート	2
レンズ	レンズ	1
レート	レート	1
ログイン	ログイン	3
ロボット	ロボット	1
ローン	ローン	1
ワイヤレス	ワイヤレス	1
ワイン	ワイン	1
一	いち	2
一つ	ひとつ	2
一人	ひとり	2
一入	ひとしお	0
一刀両断	いっとうりょうだん	0
一切	いっさい	1
一喜一憂	いっきいちゆう	1
一帯	いったい	0
一度	いちど	3
一度に	いちどに	3
一心不乱	いっしんふらん	3
一挙に	いっきょに	1
一斉に	いっせいに	0
一方	いっぽう	3
一族	いちぞく	2
一日	ついたち	4
一日千秋	いちじつせんしゅう	0
一時	いちじ	2
一時的	いちじてき	0
一朝一夕	いっちょういっせき	0
一概に	いちがいに	0
一気に	いっきに	1
一生懸命	いっしょうけんめい	5
一番	いちばん	2
一瞬	いっしゅん	0
一石二鳥	いっせきにちょう	0
一網打尽	いちもうだじん	0
一致	いっち	0
一般	いっぱん	0
一角	いっかく	0
一躍	いちやく	0
一途	いちず	2
一進一退	いっしんいったい	3
一部	いちぶ	2
一部始終	いちぶしじゅう	4
一長一短	いっちょういったん	0
一面	いちめん	0
丁寧	ていねい	1
七	なな	1
七つ	ななつ	2
万	まん	1
丈夫	じょうぶ	0
三つ	みっつ	3
三角	さんかく	1
上	うえ	0
上がる	あがる	0
上半身	じょうはんしん	3
上司	じょうし	1
上告	じょうこく	0
上品	じょうひん	3
上手	じょうず	3
上着	うわぎ	0
下	した	0
下がる	さがる	2
下す	くだす	0
下半身	かはんしん	2
下品	げひん	2
下手	へた	2
不便	ふべん	1
不信	ふしん	0
不公平	ふこうへい	2
不利	ふり	1
不十分	ふじゅうぶん	2
不可欠	ふかけつ	2
不可能	ふかのう	2
不合格	ふごうかく	2
不器用	ぶきよう	2
不安	ふあん	0
不幸	ふこう	2
不意に	ふいに	3
不振	ふしん	0
不条理	ふじょうり	2
不況	ふきょう	0
不法	ふほう	0
不満	ふまん	0
不潔	ふけつ	0
不眠	ふみん	0
不確実	ふかくじつ	2
不自由	ふじゆう	1
不調	ふちょう	0
不足	ふそく	0
不遜	ふそん	0
与える	あたえる	0
与党	よとう	1
且つ	かつ	1
世代	せだい	1
世帯	せたい	2
世界	せかい	1
世界観	せかいかん	2
世紀	せいき	1
世話	せわ	2
世論	よろん	1
世間	せけん	1
世間話	せけんばなし	4
両側	りょうがわ	0
両方	りょうほう	3
両親	りょうしん	1
並びに	ならびに	0
並ぶ	ならぶ	0
並べる	ならべる	0
並木	なみき	0
中	なか	1
中和	ちゅうわ	0
中央	ちゅうおう	3
中心	ちゅうしん	0
中心地	ちゅうしんち	3
中性子	ちゅうせいし	3
中枢	ちゅうすう	0
中止	ちゅうし	0
中毒	ちゅうどく	1
中継	ちゅうけい	0
中身	なかみ	2
丸	まる	0
丸い	まるい	0
丸める	まるめる	0
丹念	たんねん	1
主	おも	1
主に	おもに	1
主人	しゅじん	1
主人公	しゅじんこう	2
主婦	しゅふ	1
主張	しゅちょう	0
主役	しゅやく	0
主旨	しゅし	1
主権	しゅけん	0
主演	しゅえん	0
主眼	しゅがん	0
主要	しゅよう	0
主観	しゅかん	0
乃至	ないし	1
乏しい	とぼしい	3
乖離	かいり	1
乗りこなす	のりこなす	4
乗り出す	のりだす	3
乗り換え	のりかえ	0
乗り換える	のりかえる	4
乗り物	のりもの	0
乗り越える	のりこえる	4
乗る	のる	0
九	きゅう	1
九つ	ここのつ	2
乱暴	らんぼう	0
乳歯	にゅうし	1
乾かす	かわかす	3
乾く	かわく	2
予て	かねて	1
予め	あらかじめ	0
予兆	よちょう	0
予報	よほう	0
予定	よてい	0
予後	よご	1
予想	よそう	0
予想外	よそうがい	2
予測	よそく	0
予算	よさん	0
予算案	よさんあん	2
予約	よやく	0
予防	よぼう	0
争う	あらそう	3
争点	そうてん	1
事件	じけん	1
事務	じむ	1
事務所	じむしょ	2
事実	じじつ	1
事情	じじょう	0
事態	じたい	1
事故	じこ	1
二	に	1
二つ	ふたつ	3
二人	ふたり	3
二十歳	はたち	1
二束三文	にそくさんもん	4
互いに	たがいに	0
五	ご	1
五つ	いつつ	2
五里霧中	ごりむちゅう	1
亡くなる	なくなる	0
交える	まじえる	3
交わす	かわす	0
交差点	こうさてん	0
交流	こうりゅう	0
交渉	こうしょう	0
交番	こうばん	0
交通	こうつう	0
人	ひと	0
人事	じんじ	1
人件費	じんけんひ	3
人口	じんこう	0
人徳	じんとく	0
人情	にんじょう	1
人望	じんぼう	0
人権	じんけん	0
人気	にんき	0
人物	じんぶつ	1
人生	じんせい	1
人生観	じんせいかん	3
人間	にんげん	0
人間ドック	にんげんドック	5
人類	じんるい	1
仇敵	きゅうてき	0
今	いま	1
今しがた	いましがた	0
今にも	いまにも	1
今や	いまや	1
今年	ことし	0
今後	こんご	0
今日	きょう	1
今晩	こんばん	1
今更	いまさら	0
今月	こんげつ	0
今朝	けさ	1
今週	こんしゅう	0
介護	かいご	1
仕上げる	しあげる	3
仕事	しごと	0
仕掛け	しかけ	0
仕方ない	しかたない	4
仕留める	しとめる	3
仕立てる	したてる	3
仕組み	しくみ	0
仕草	しぐさ	1
仕送り	しおくり	0
他	ほか	0
他人	たにん	0
他方	たほう	2
付き合う	つきあう	3
付ける	つける	2
付和雷同	ふわらいどう	1
代表	だいひょう	0
代謝	たいしゃ	1
代金	だいきん	1
令状	れいじょう	0
以上	いじょう	1
以下	いか	1
以内	いない	1
以前	いぜん	1
以外	いがい	1
以後	いご	1
以心伝心	いしんでんしん	1
仮定	かてい	0
仮説	かせつ	0
仰々しい	ぎょうぎょうしい	5
仰ぐ	あおぐ	2
仲介	ちゅうかい	0
仲裁	ちゅうさい	0
仲間	なかま	3
任せる	まかせる	3
企業	きぎょう	1
伏線	ふくせん	0
休み	やすみ	3
休む	やすむ	2
休日	きゅうじつ	0
休暇	きゅうか	0
会う	あう	1
会員	かいいん	0
会場	かいじょう	0
会社	かいしゃ	0
会計	かいけい	0
会話	かいわ	0
会談	かいだん	0
会議	かいぎ	1
会長	かいちょう	0
伝える	つたえる	0
伝導	でんどう	0
伝染	でんせん	0
伝統	でんとう	0
伝記	でんき	0
伴う	ともなう	3
伴奏	ばんそう	0
伺う	うかがう	0
似る	にる	0
佇まい	たたずまい	3
佇む	たたずむ	3
位置	いち	1
位置付ける	いちづける	4
低い	ひくい	2
低迷	ていめい	0
住み慣れる	すみなれる	4
住む	すむ	1
住宅	じゅうたく	0
住所	じゅうしょ	1
住民	じゅうみん	0
体	からだ	0
体制	たいせい	0
体力	たいりょく	1
体型	たいけい	0
体格	たいかく	0
体温	たいおん	1
体積	たいせき	1
体系	たいけい	0
体裁	ていさい	0
体調	たいちょう	0
体質	たいしつ	0
体面	たいめん	0
何が何でも	なにがなんでも	4
何としても	なんとしても	1
何となく	なんとなく	4
何はともあれ	なにはともあれ	1
何も	なにも	0
何日	なんにち	1
何時	なんじ	1
何気なく	なにげなく	4
余る	あまる	2
余儀ない	よぎない	3
余剰	よじょう	0
余命	よめい	0
余地	よち	1
余情	よじょう	0
余波	よは	1
余白	よはく	0
余韻	よいん	0
作り上げる	つくりあげる	5
作品	さくひん	0
作家	さっか	0
作文	さくぶん	0
作曲	さっきょく	0
作詞	さくし	0
作風	さくふう	0
併せて	あわせて	2
使いこなす	つかいこなす	5
使う	つかう	0
例える	たとえる	3
例の	れいの	1
例外	れいがい	0
供える	そなえる	3
供給	きょうきゅう	0
供述	きょうじゅつ	0
供養	くよう	1
価値	かち	1
価格	かかく	0
侮辱	ぶじょく	0
便利	べんり	1
便器	べんき	1
係	かかり	1
係る	かかる	2
促す	うながす	0
俄然	がぜん	0
俊才	しゅんさい	0
俗っぽい	ぞくっぽい	4
俗人	ぞくじん	0
俗説	ぞくせつ	0
保つ	たもつ	2
保健	ほけん	0
保守的	ほしゅてき	0
保証	ほしょう	0
保証人	ほしょうにん	0
保険	ほけん	0
信じる	しんじる	3
信号	しんごう	0
信用	しんよう	0
信頼	しんらい	0
俳優	はいゆう	0
俳句	はいく	0
倉庫	そうこ	1
個	こ	1
個人	こじん	1
個人的	こじんてき	0
個展	こてん	0
個性	こせい	1
倍	ばい	0
倒す	たおす	2
倒れる	たおれる	3
倒産	とうさん	0
借りる	かりる	0
借り入れる	かりいれる	4
借款	しゃっかん	0
借金	しゃっきん	3
値上げ	ねあげ	0
値下げ	ねさげ	0
値段	ねだん	0
倦怠	けんたい	0
倫理	りんり	1
倹約	けんやく	0
偉い	えらい	2
偉人	いじん	0
偏る	かたよる	3
偏光	へんこう	0
偏見	へんけん	0
停滞	ていたい	0
停留所	ていりゅうじょ	0
停電	ていでん	0
健やか	すこやか	2
健全	けんぜん	0
健康	けんこう	0
健気	けなげ	1
側近	そっきん	0
側面	そくめん	0
偶然	ぐうぜん	0
偶発	ぐうはつ	0
偽り	いつわり	0
傀儡	かいらい	0
傅く	かしずく	3
傍若無人	ぼうじゃくぶじん	0
傑物	けつぶつ	0
傘	かさ	1
備える	そなえる	3
備わる	そなわる	3
備蓄	びちく	0
催し	もよおし	0
催す	もよおす	3
催事	さいじ	1
傲岸	ごうがん	0
傲慢	ごうまん	0
債券	さいけん	0
債務	さいむ	1
債権	さいけん	0
傷	きず	0
傷つける	きずつける	4
傾く	かたむく	3
傾ける	かたむける	4
傾げる	かしげる	3
傾向	けいこう	0
僅か	わずか	1
僅差	きんさ	1
働き掛ける	はたらきかける	6
働く	はたらく	0
僕	ぼく	1
儀式	ぎしき	1
償い	つぐない	0
償う	つぐなう	3
償還	しょうかん	0
優しい	やさしい	0
優る	まさる	2
優れる	すぐれる	3
優劣	ゆうれつ	1
優勝	ゆうしょう	0
優柔不断	ゆうじゅうふだん	0
優越感	ゆうえつかん	4
儲ける	もうける	3
元々	もともと	0
元凶	げんきょう	0
元本	がんぽん	1
元来	がんらい	1
元気	げんき	1
元気付ける	げんきづける	5
元素	げんそ	1
元金	がんきん	1
元首	げんしゅ	1
兄	あに	1
兄弟	きょうだい	1
充足	じゅうそく	0
兆し	きざし	0
兆候	ちょうこう	0
先	さき	0
先んじる	さきんじる	4
先入観	せんにゅうかん	3
先月	せんげつ	1
先生	せんせい	3
先立つ	さきだつ	3
先端	せんたん	0
先般	せんぱん	1
先輩	せんぱい	0
先週	せんしゅう	0
先達	せんだつ	0
先駆け	さきがけ	0
光	ひかり	3
光る	ひかる	2
光景	こうけい	0
光熱費	こうねつひ	4
克己	こっき	1
克明	こくめい	0
免じる	めんじる	3
免れる	まぬがれる	4
免疫	めんえき	0
兎にも角にも	とにもかくにも	1
入り江	いりえ	0
入る	はいる	1
入れる	いれる	0
入れ替える	いれかえる	4
入口	いりぐち	0
入学	にゅうがく	0
入念	にゅうねん	0
入札	にゅうさつ	0
入院	にゅういん	0
全く	まったく	0
全て	すべて	1
全容	ぜんよう	0
全然	ぜんぜん	0
全盛期	ぜんせいき	3
全貌	ぜんぼう	0
全身	ぜんしん	0
全部	ぜんぶ	1
全面的	ぜんめんてき	0
八	はち	2
八つ	やっつ	3
八百屋	やおや	0
公務員	こうむいん	3
公園	こうえん	0
公害	こうがい	0
公平	こうへい	0
公正	こうせい	1
公然	こうぜん	0
公約	こうやく	0
六	ろく	2
六つ	むっつ	3
共感	きょうかん	0
共鳴	きょうめい	0
兵器	へいき	1
具に	つぶさに	1
具わる	そなわる	3
具体的	ぐたいてき	0
具合	ぐあい	0
兼ねて	かねて	1
兼ねる	かねる	2
兼ね合い	かねあい	0
兼業	けんぎょう	0
内側	うちがわ	0
内向的	ないこうてき	0
内定	ないてい	0
内実	ないじつ	0
内容	ないよう	0
内幕	うちまく	0
内心	ないしん	0
内情	ないじょう	0
内気	うちき	0
内科	ないか	0
内職	ないしょく	0
内臓	ないぞう	0
内訳	うちわけ	0
内閣	ないかく	1
内陸	ないりく	0
円	えん	1
円安	えんやす	0
円満	えんまん	0
円滑	えんかつ	0
円熟	えんじゅく	0
円高	えんだか	0
冊	さつ	0
再び	ふたたび	0
再生	さいせい	0
再発	さいはつ	0
冗談	じょうだん	3
写真	しゃしん	0
冤罪	えんざい	0
冬	ふゆ	2
冴える	さえる	2
冷える	ひえる	2
冷たい	つめたい	0
冷ます	さます	2
冷める	さめる	2
冷やかす	ひやかす	3
冷やす	ひやす	2
冷害	れいがい	0
冷淡	れいたん	3
冷蔵庫	れいぞうこ	3
冷酷	れいこく	0
冷静	れいせい	0
凄惨	せいさん	0
凄絶	せいぜつ	0
凌ぐ	しのぐ	2
凍える	こごえる	0
凍る	こおる	0
凍傷	とうしょう	0
凛々しい	りりしい	3
凝らす	こらす	2
凝固	ぎょうこ	1
几帳面	きちょうめん	4
凡人	ぼんじん	0
凡才	ぼんさい	0
処方	しょほう	0
処理	しょり	1
凶作	きょうさく	0
出かける	でかける	0
出しゃばる	でしゃばる	3
出し抜く	だしぬく	0
出す	だす	1
出る	でる	1
出世	しゅっせ	0
出会う	であう	2
出入口	でいりぐち	3
出勤	しゅっきん	0
出口	でぐち	1
出向く	でむく	2
出席	しゅっせき	0
出張	しゅっちょう	0
出来上がる	できあがる	0
出版	しゅっぱん	0
出産	しゅっさん	0
出納	すいとう	0
出荷	しゅっか	0
出費	しゅっぴ	0
出資	しゅっし	0
出遅れる	でおくれる	0
分	ふん	1
分かりにくい	わかりにくい	5
分かる	わかる	2
分ける	わける	2
分別	ぶんべつ	0
分厚い	ぶあつい	0
分子	ぶんし	1
分岐	ぶんき	0
分岐点	ぶんきてん	3
分析	ぶんせき	0
分泌	ぶんぴつ	0
分解	ぶんかい	0
分野	ぶんや	1
分量	ぶんりょう	3
切ない	せつない	3
切り替える	きりかえる	4
切る	きる	1
切実	せつじつ	0
切手	きって	0
切符	きっぷ	0
刑事	けいじ	1
刑罰	けいばつ	1
列	れつ	1
初々しい	ういういしい	5
初めて	はじめて	2
初めまして	はじめまして	4
初版	しょはん	0
初詣	はつもうで	3
判事	はんじ	1
判例	はんれい	0
判断	はんだん	1
判決	はんけつ	0
判然	はんぜん	0
別々	べつべつ	0
別に	べつに	0
別れる	わかれる	3
別離	べつり	1
利回り	りまわり	2
利子	りし	1
利己的	りこてき	0
利潤	りじゅん	0
利点	りてん	0
利率	りりつ	0
利発	りはつ	0
利益	りえき	1
利鞘	りざや	0
到底	とうてい	0
制度	せいど	1
制御	せいぎょ	1
制裁	せいさい	0
刹那	せつな	1
刻む	きざむ	0
削ぐ	そぐ	1
削る	けずる	0
前	まえ	1
前もって	まえもって	3
前代未聞	ぜんだいみもん	1
前兆	ぜんちょう	0
前提	ぜんてい	0
前科	ぜんか	1
前立腺	ぜんりつせん	0
前触れ	まえぶれ	0
剛健	ごうけん	0
剥がれる	はがれる	3
剥く	むく	0
剥げる	はげる	2
副業	ふくぎょう	0
副腎	ふくじん	0
剰え	あまつさえ	1
剰余	じょうよ	1
割と	わりと	0
割り当てる	わりあてる	4
割り込む	わりこむ	3
割る	わる	0
割れる	われる	0
割合	わりあい	0
割引	わりびき	0
力強い	ちからづよい	5
力量	りきりょう	0
加えて	くわえて	0
加える	くわえる	0
加害者	かがいしゃ	2
加工	かこう	0
加減	かげん	0
劣る	おとる	0
劣等感	れっとうかん	3
助かる	たすかる	3
助ける	たすける	3
助言	じょげん	0
努々	ゆめゆめ	0
努める	つとめる	3
努力	どりょく	1
励まし	はげまし	0
励ます	はげます	3
励む	はげむ	2
労い	ねぎらい	3
労う	ねぎらう	3
労る	いたわる	3
労働	ろうどう	0
効く	きく	0
効果	こうか	1
効果的	こうかてき	0
効率	こうりつ	0
勇ましい	いさましい	4
勇む	いさむ	2
勇敢	ゆうかん	0
勇気	ゆうき	1
勉強	べんきょう	0
動かす	うごかす	3
動く	うごく	2
動じる	どうじる	0
動向	どうこう	0
動揺	どうよう	0
動物	どうぶつ	0
動物園	どうぶつえん	4
動脈	どうみゃく	0
動静	どうせい	0
勘定	かんじょう	3
勘所	かんどころ	0
務める	つとめる	3
勝つ	かつ	1
勝る	まさる	2
勝手	かって	0
勝手口	かってぐち	3
募る	つのる	2
募集	ぼしゅう	0
勢いづく	いきおいづく	5
勤しむ	いそしむ	3
勤める	つとめる	3
勤め上げる	つとめあげる	0
勤勉	きんべん	0
勤務	きんむ	1
勧める	すすめる	0
匂い	におい	2
匂う	におう	2
匂わす	におわす	3
包み	つつみ	3
包む	つつむ	2
包丁	ほうちょう	0
化ける	ばける	2
化合物	かごうぶつ	2
北	きた	0
匙	さじ	1
匙加減	さじかげん	3
匹	ひき	2
匹敵	ひってき	0
区分	くぶん	0
区域	くいき	1
医学	いがく	1
医師	いし	1
医療	いりょう	1
医者	いしゃ	0
十	じゅう	1
十中八九	じっちゅうはっく	5
十分	じゅうぶん	3
千	せん	1
千載一遇	せんざいいちぐう	0
午前	ごぜん	1
午後	ごご	1
半	はん	1
半信半疑	はんしんはんぎ	5
半分	はんぶん	3
半導体	はんどうたい	0
半面	はんめん	3
卑下	ひげ	1
卑劣	ひれつ	0
卑屈	ひくつ	0
卑怯	ひきょう	2
卑近	ひきん	0
卒業	そつぎょう	0
協力	きょうりょく	0
協定	きょうてい	0
協調	きょうちょう	0
南	みなみ	0
単なる	たんなる	1
単に	たんに	1
単刀直入	たんとうちょくにゅう	0
単純	たんじゅん	0
単語	たんご	0
博物館	はくぶつかん	4
占い	うらない	0
占う	うらなう	3
占める	しめる	2
印	しるし	0
印象	いんしょう	0
印象付ける	いんしょうづける	6
危うい	あやうい	0
危ない	あぶない	0
危惧	きぐ	1
危機一髪	ききいっぱつ	1
危篤	きとく	0
危険	きけん	0
即刻	そっこく	0
即座	そくざ	1
却って	かえって	1
卵	たまご	2
卵巣	らんそう	0
卸売	おろしうり	0
厄介	やっかい	1
厚かましい	あつかましい	5
厚情	こうじょう	0
厚意	こうい	1
厚生	こうせい	0
厚顔無恥	こうがんむち	5
原価	げんか	1
原則	げんそく	0
原因	げんいん	0
原子	げんし	1
原子核	げんしかく	3
原料	げんりょう	3
原理	げんり	1
原稿	げんこう	0
厭う	いとう	2
厭わしい	いとわしい	4
厳か	おごそか	2
厳しい	きびしい	3
厳めしい	いかめしい	4
厳密	げんみつ	0
厳格	げんかく	0
厳正	げんせい	0
厳然	げんぜん	0
厳粛	げんしゅく	0
去る	さる	1
去年	きょねん	1
参る	まいる	1
参加者	さんかしゃ	3
及び	および	0
及ぶ	およぶ	0
及ぼす	およぼす	3
友人	ゆうじん	0
友好	ゆうこう	0
友達	ともだち	0
反らす	そらす	2
反乱	はんらん	0
反対	はんたい	0
反射	はんしゃ	0
反感	はんかん	0
反抗	はんこう	0
反発	はんぱつ	0
反目	はんもく	0
反省	はんせい	0
反落	はんらく	0
反論	はんろん	0
反面	はんめん	3
反響	はんきょう	0
反骨	はんこつ	0
収める	おさめる	3
収入	しゅうにゅう	0
収支	しゅうし	1
収益	しゅうえき	0
取っ手	とって	0
取りも直さず	とりもなおさず	1
取り上げる	とりあげる	0
取り付ける	とりつける	4
取り入れる	とりいれる	4
取り出す	とりだす	3
取り戻す	とりもどす	4
取り扱う	とりあつかう	0
取り押さえる	とりおさえる	5
取り持ち	とりもち	0
取り掛かる	とりかかる	4
取り替える	とりかえる	0
取り消す	とりけす	0
取り組む	とりくむ	3
取り締まる	とりしまる	4
取り繕う	とりつくろう	5
取り計らう	とりはからう	5
取り違える	とりちがえる	0
取る	とる	1
取引	とりひき	2
取引先	とりひきさき	0
取捨選択	しゅしゃせんたく	1
受ける	うける	2
受け付ける	うけつける	4
受け入れる	うけいれる	0
受け取る	うけとる	0
受け止める	うけとめる	4
受け継ぐ	うけつぐ	0
受付	うけつけ	0
受信	じゅしん	0
受注	じゅちゅう	0
叡智	えいち	1
口	くち	0
口実	こうじつ	0
口座	こうざ	0
口惜しい	くちおしい	4
口調	くちょう	0
古い	ふるい	2
古めかしい	ふるめかしい	5
古代	こだい	1
古参	こさん	0
古臭い	ふるくさい	4
古豪	こごう	0
叩きつける	たたきつける	5
叩く	たたく	2
叫ぶ	さけぶ	2
可否	かひ	1
可愛らしい	かわいらしい	5
可憐	かれん	0
可決	かけつ	0
可能	かのう	0
台	だい	1
台所	だいどころ	0
台風	たいふう	3
叱る	しかる	0
史料	しりょう	1
右	みぎ	0
叶う	かなう	2
号泣	ごうきゅう	0
司る	つかさどる	4
司法	しほう	0
各地	かくち	1
合わせる	あわせる	3
合併	がっぺい	0
合併症	がっぺいしょう	0
合唱	がっしょう	0
合成	ごうせい	0
合格	ごうかく	0
合法	ごうほう	0
合理性	ごうりせい	0
合理的	ごうりてき	0
合致	がっち	0
合計	ごうけい	0
合金	ごうきん	0
合間	あいま	0
吊り上げる	つりあげる	4
同じ	おなじ	0
同僚	どうりょう	0
同情	どうじょう	0
同意	どうい	0
同時に	どうじに	0
同盟	どうめい	0
同等	どうとう	0
同級生	どうきゅうせい	3
同調	どうちょう	0
同輩	どうはい	0
名だたる	なだたる	3
名乗る	なのる	2
名人	めいじん	3
名付ける	なづける	3
名作	めいさく	0
名分	めいぶん	0
名刺	めいし	0
名前	なまえ	0
名残	なごり	3
名残惜しい	なごりおしい	5
名目	めいもく	0
名高い	なだかい	3
吏員	りいん	1
向こう	むこう	2
吟味	ぎんみ	1
否決	ひけつ	0
含み	ふくみ	3
含む	ふくむ	2
含意	がんい	1
含蓄	がんちく	0
吸う	すう	0
吸収	きゅうしゅう	0
吹き抜け	ふきぬけ	0
吹き替え	ふきかえ	0
吹く	ふく	1
吹雪	ふぶき	1
呆ける	ぼける	2
呆れる	あきれる	0
呆気ない	あっけない	4
呆然	ぼうぜん	0
告げる	つげる	0
呑気	のんき	1
呟く	つぶやく	3
周り	まわり	0
周到	しゅうとう	0
周波数	しゅうはすう	3
味	あじ	0
味わう	あじわう	3
味噌	みそ	1
味方	みかた	0
味覚	みかく	0
呵責	かしゃく	0
呻く	うめく	2
呼びかける	よびかける	4
呼び入れる	よびいれる	4
呼び出す	よびだす	3
呼び寄せる	よびよせる	4
呼び止める	よびとめる	4
呼び覚ます	よびさます	4
呼び起こす	よびおこす	4
呼ぶ	よぶ	0
呼吸	こきゅう	0
命	いのち	1
命じる	めいじる	0
命日	めいにち	1
命題	めいだい	0
咄嗟	とっさ	0
咄嗟に	とっさに	0
和やか	なごやか	2
和らぐ	やわらぐ	3
和らげる	やわらげる	4
和歌	わか	1
和解	わかい	0
和音	わおん	1
咎める	とがめる	3
咥える	くわえる	0
咲く	さく	0
咽せる	むせる	0
咽喉	いんこう	0
哀れ	あわれ	1
哀れみ	あわれみ	0
哀悼	あいとう	0
哀惜	あいせき	0
哀愁	あいしゅう	0
品切れ	しなぎれ	0
品格	ひんかく	0
品物	しなもの	0
品質	ひんしつ	0
唆す	そそのかす	4
唇	くちびる	0
唖然	あぜん	0
唱える	となえる	3
唸る	うなる	2
唾液	だえき	0
商う	あきなう	3
商取引	しょうとりひき	4
商品	しょうひん	1
商売	しょうばい	1
商業	しょうぎょう	1
商社	しょうしゃ	1
問い合わせる	といあわせる	5
問い詰める	といつめる	4
問題	もんだい	0
問題点	もんだいてん	3
善悪	ぜんあく	1
喉	のど	1
喚く	わめく	2
喜ばしい	よろこばしい	5
喜び	よろこび	0
喜ぶ	よろこぶ	3
喜怒哀楽	きどあいらく	1
喫茶店	きっさてん	3
営む	いとなむ	3
営業	えいぎょう	0
嗅ぐ	かぐ	0
嗅覚	きゅうかく	0
嗜む	たしなむ	3
嘆かわしい	なげかわしい	5
嘆く	なげく	2
嘘	うそ	1
嘯く	うそぶく	3
噂	うわさ	0
噛み締める	かみしめる	4
噛む	かむ	1
器具	きぐ	1
器官	きかん	1
器用	きよう	1
器量	きりょう	1
噴出	ふんしゅつ	0
噴火	ふんか	0
四	よん	1
四つ	よっつ	3
四方	しほう	2
四苦八苦	しくはっく	3
四角	しかく	3
四角い	しかくい	0
回	かい	1
回る	まわる	0
回復	かいふく	0
回折	かいせつ	0
回覧板	かいらんばん	0
回路	かいろ	1
回顧	かいこ	1
因果	いんが	1
因果応報	いんがおうほう	1
因縁	いんねん	0
因習	いんしゅう	0
団体	だんたい	0
団結	だんけつ	0
困る	こまる	2
困惑	こんわく	0
図々しい	ずうずうしい	5
図らずも	はからずも	3
図る	はかる	2
図太い	ずぶとい	3
図書館	としょかん	2
固める	かためる	0
固体	こたい	0
固定観念	こていかんねん	4
国	くに	0
国会	こっかい	0
国内	こくない	2
国外	こくがい	2
国家	こっか	1
国是	こくぜ	1
国民	こくみん	0
国籍	こくせき	0
国際	こくさい	0
土	つち	2
土台	どだい	0
土曜日	どようび	2
土踏まず	つちふまず	3
圧力	あつりょく	2
圧政	あっせい	0
在庫	ざいこ	0
地下	ちか	1
地下鉄	ちかてつ	0
地位	ちい	1
地味	じみ	2
地図	ちず	1
地域	ちいき	1
地層	ちそう	0
地平線	ちへいせん	0
地方	ちほう	2
地球	ちきゅう	0
地道	じみち	0
地震	じしん	0
地面	じめん	1
坂	さか	2
坂道	さかみち	2
均整	きんせい	0
均衡	きんこう	0
垂れる	たれる	2
埃っぽい	ほこりっぽい	5
埋める	うめる	0
埋め合わせる	うめあわせる	5
埋もれる	うもれる	0
埋蔵	まいぞう	0
城	しろ	0
執念	しゅうねん	1
執念深い	しゅうねんぶかい	6
執拗	しつよう	0
執政	しっせい	0
執着	しゅうちゃく	0
執筆	しっぴつ	0
執行猶予	しっこうゆうよ	5
培う	つちかう	3
基づく	もとづく	3
基本	きほん	0
基本的	きほんてき	0
基準	きじゅん	0
基盤	きばん	0
基礎	きそ	1
基軸	きじく	0
堅固	けんご	1
堅実	けんじつ	0
堆積	たいせき	0
堪える	こらえる	3
報いる	むくいる	3
報復	ほうふく	0
報道	ほうどう	0
報酬	ほうしゅう	0
場合	ばあい	0
場所	ばしょ	0
場末	ばすえ	0
場面	ばめん	0
塀	へい	0
塊	かたまり	0
塗り付ける	ぬりつける	4
塗り替える	ぬりかえる	4
塞がる	ふさがる	0
塞ぐ	ふさぐ	0
塩	しお	2
墓参り	はかまいり	3
増える	ふえる	2
増す	ます	0
増やす	ふやす	2
増刷	ぞうさつ	0
増加	ぞうか	0
増資	ぞうし	0
壁	かべ	0
壊す	こわす	2
壊れる	こわれる	3
壮健	そうけん	0
壮大	そうだい	0
壮烈	そうれつ	0
壮絶	そうぜつ	0
壮麗	そうれい	0
声	こえ	1
声帯	せいたい	0
売り場	うりば	0
売る	うる	0
売上	うりあげ	0
変	へん	1
変える	かえる	0
変わる	かわる	0
変人	へんじん	0
変化	へんか	1
夏	なつ	2
夏休み	なつやすみ	3
夕方	ゆうがた	0
夕暮れ	ゆうぐれ	0
夕焼け	ゆうやけ	0
夕立	ゆうだち	0
外	そと	1
外す	はずす	0
外交	がいこう	0
外側	そとがわ	0
外向的	がいこうてき	0
外国	がいこく	0
外国人	がいこくじん	4
外科	げか	0
多い	おおい	1
多かれ少なかれ	おおかれすくなかれ	7
多大	ただい	0
多寡	たか	1
多少	たしょう	0
夜	よる	1
夜明け	よあけ	3
夜更け	よふけ	3
夜間	やかん	1
夢	ゆめ	2
夢想	むそう	0
夥しい	おびただしい	5
大きい	おおきい	3
大した	たいした	1
大まか	おおまか	0
大丈夫	だいじょうぶ	3
大人	おとな	0
大使館	たいしかん	3
大分	だいぶ	0
大切	たいせつ	0
大勢	おおぜい	3
大半	たいはん	0
大同小異	だいどうしょうい	5
大器晩成	たいきばんせい	1
大変	たいへん	0
大好き	だいすき	1
大学	だいがく	0
大家	たいか	1
大差	たいさ	1
大幅	おおはば	0
大掃除	おおそうじ	3
大望	たいぼう	0
大枠	おおわく	0
大概	たいがい	0
大気	たいき	1
大略	たいりゃく	0
大筋	おおすじ	0
大統領	だいとうりょう	3
大義	たいぎ	1
大胆	だいたん	3
大脳	だいのう	0
大腸	だいちょう	1
大臣	だいじん	1
大要	たいよう	0
大部分	だいぶぶん	3
大量	たいりょう	0
大陸	たいりく	0
大雨	おおあめ	3
大雪	おおゆき	0
天ぷら	てんぷら	0
天井	てんじょう	0
天候	てんこう	0
天命	てんめい	0
天性	てんせい	1
天才	てんさい	0
天気	てんき	1
天気予報	てんきよほう	4
天真爛漫	てんしんらんまん	0
天窓	てんまど	0
太い	ふとい	2
太る	ふとる	2
太陽	たいよう	1
夫	おっと	0
夫婦	ふうふ	1
失効	しっこう	0
失意	しつい	2
失敗	しっぱい	0
失望	しつぼう	0
失業	しつぎょう	0
失礼	しつれい	2
失職	しっしょく	0
失言	しつげん	0
失速	しっそく	0
奇人	きじん	0
奇妙	きみょう	1
奇抜	きばつ	0
奇病	きびょう	0
奇縁	きえん	0
奇談	きだん	1
奉る	たてまつる	4
奉仕	ほうし	1
奏でる	かなでる	3
契機	けいき	1
契約	けいやく	0
奥ゆかしい	おくゆかしい	5
奪う	うばう	2
女	おんな	3
女々しい	めめしい	3
女の子	おんなのこ	3
女性	じょせい	0
好き	すき	2
好ましい	このましい	4
好み	このみ	1
好む	このむ	2
好感	こうかん	0
好敵手	こうてきしゅ	4
好機	こうき	1
好況	こうきょう	0
好調	こうちょう	0
好転	こうてん	0
妄執	もうしゅう	0
妄想	もうそう	0
妊娠	にんしん	0
妙	みょう	1
妙味	みょうみ	1
妙案	みょうあん	0
妙趣	みょうしゅ	1
妥協	だきょう	0
妥当	だとう	0
妥当性	だとうせい	0
妥結	だけつ	0
妨げ	さまたげ	0
妨げる	さまたげる	4
妬ましい	ねたましい	4
妬み	ねたみ	3
妬む	ねたむ	2
妹	いもうと	4
妻	つま	1
姉	あね	0
始まる	はじまる	0
始める	はじめる	0
委ねる	ゆだねる	3
委員	いいん	1
委員会	いいんかい	2
委細	いさい	1
姿	すがた	1
姿勢	しせい	0
威光	いこう	0
威厳	いげん	0
威張る	いばる	2
娘	むすめ	3
婉曲	えんきょく	0
媒体	ばいたい	0
嫉妬	しっと	0
嫌い	きらい	0
嫌う	きらう	0
嫌悪	けんお	1
嬉しい	うれしい	3
子ども	こども	0
子供	こども	0
子宮	しきゅう	0
子飼い	こがい	0
孕む	はらむ	2
字	じ	1
字幕	じまく	0
存じる	ぞんじる	3
存亡	そんぼう	0
存外	ぞんがい	0
学ぶ	まなぶ	0
学校	がっこう	0
学生	がくせい	0
学者	がくしゃ	0
宇宙	うちゅう	1
守る	まもる	2
安い	やすい	2
安っぽい	やすっぽい	4
安全	あんぜん	0
安心	あんしん	0
安静	あんせい	0
完全	かんぜん	0
完全無欠	かんぜんむけつ	0
完成	かんせい	0
完治	かんち	1
宗教	しゅうきょう	1
官僚	かんりょう	0
官吏	かんり	1
定める	さだめる	3
定年	ていねん	0
定義	ていぎ	1
定説	ていせつ	0
実に	じつに	2
実は	じつは	2
実体	じったい	0
実像	じつぞう	0
実力	じつりょく	0
実情	じつじょう	0
実態	じったい	0
実権	じっけん	0
実直	じっちょく	0
実績	じっせき	0
実証	じっしょう	0
実際	じっさい	0
実験	じっけん	0
客	きゃく	0
客観	きゃっかん	0
宣伝	せんでん	0
宥める	なだめる	3
家	いえ	2
家事	かじ	1
家具	かぐ	1
家庭	かてい	0
家族	かぞく	1
家柄	いえがら	0
家系	かけい	0
家計	かけい	0
家財	かざい	1
家賃	やちん	1
家風	かふう	1
容体	ようだい	0
容疑	ようぎ	1
容認	ようにん	0
宿命	しゅくめい	0
宿敵	しゅくてき	0
宿縁	しゅくえん	0
宿題	しゅくだい	0
寂しい	さびしい	3
寂れる	さびれる	0
寄せる	よせる	0
寄せ付ける	よせつける	4
寄せ集める	よせあつめる	5
寄りかかる	よりかかる	4
寄る	よる	0
寄稿	きこう	0
密か	ひそか	2
密度	みつど	1
富む	とむ	1
寒い	さむい	2
寓話	ぐうわ	0
寛大	かんだい	0
寛容	かんよう	0
寛解	かんかい	0
寝る	ねる	0
寝具	しんぐ	1
寝室	しんしつ	0
寝息	ねいき	0
寝苦しい	ねぐるしい	4
寡黙	かもく	0
審判	しんぱん	0
寸前	すんぜん	0
寸暇	すんか	1
寺	てら	2
対比	たいひ	0
対流	たいりゅう	0
対照	たいしょう	0
対称	たいしょう	0
対立	たいりつ	0
対等	たいとう	0
対象	たいしょう	0
寿司	すし	2
封じる	ふうじる	0
封筒	ふうとう	0
専制	せんせい	0
専門家	せんもんか	0
将来	しょうらい	1
尊い	とうとい	3
尊ぶ	たっとぶ	3
尊大	そんだい	0
尊敬	そんけい	0
尊重	そんちょう	0
尋ねる	たずねる	3
尋常	じんじょう	0
導く	みちびく	3
導体	どうたい	0
小さい	ちいさい	3
小包	こづつみ	2
小売	こうり	0
小脳	しょうのう	1
小腸	しょうちょう	1
小説	しょうせつ	0
小遣い	こづかい	1
小雨	こさめ	0
少し	すこし	2
少しずつ	すこしずつ	4
少しも	すこしも	2
少ない	すくない	3
少子化	しょうしか	0
尚更	なおさら	0
就中	なかんずく	0
就業	しゅうぎょう	0
就職	しゅうしょく	0
尽きる	つきる	2
尽くす	つくす	2
尽力	じんりょく	1
局面	きょくめん	0
居合わせる	いあわせる	4
居間	いま	2
屈める	かがめる	0
屈強	くっきょう	0
屈折	くっせつ	0
屈託	くったく	0
屈辱	くつじょく	0
届く	とどく	2
届ける	とどける	3
屋上	おくじょう	0
屋台	やたい	1
屋根	やね	1
展覧会	てんらんかい	3
属性	ぞくせい	0
履き違える	はきちがえる	5
履く	はく	0
山	やま	2
山脈	さんみゃく	0
山頂	さんちょう	0
岐路	きろ	1
岩	いわ	2
岩場	いわば	0
岬	みさき	0
岸	きし	2
峠	とうげ	3
島	しま	2
崇める	あがめる	3
崇拝	すうはい	0
崇高	すうこう	0
崩す	くずす	2
崩れる	くずれる	3
嵩む	かさむ	0
川	かわ	2
巡り合い	めぐりあい	0
工場	こうじょう	3
工業	こうぎょう	1
工程	こうてい	0
工芸	こうげい	0
左	ひだり	0
左遷	させん	0
巧妙	こうみょう	0
巧緻	こうち	1
巨匠	きょしょう	0
巨大	きょだい	0
差し上げる	さしあげる	0
差し出す	さしだす	3
差し引く	さしひく	3
差し当たり	さしあたり	0
差し押さえる	さしおさえる	5
差し掛かる	さしかかる	4
差し控える	さしひかえる	5
差し支える	さしつかえる	0
差別	さべつ	1
差損	さそん	0
差異	さい	1
差益	さえき	0
巻き上げる	まきあげる	4
巻き付ける	まきつける	4
巻き起こす	まきおこす	4
巻き込む	まきこむ	3
市場	しじょう	0
市役所	しやくしょ	2
市民	しみん	1
市況	しきょう	0
市長	しちょう	2
布	ぬの	0
布告	ふこく	0
布団	ふとん	0
布石	ふせき	0
希少	きしょう	0
希望	きぼう	0
希薄	きはく	0
師匠	ししょう	1
席	せき	1
帯びる	おびる	2
帯電	たいでん	0
帰る	かえる	1
帰国	きこく	0
帰結	きけつ	0
帳簿	ちょうぼ	0
常に	つねに	1
常識	じょうしき	0
帽子	ぼうし	0
幅	はば	0
幅広い	はばひろい	4
干からびる	ひからびる	4
干す	ほす	1
干ばつ	かんばつ	0
干渉	かんしょう	0
平ら	たいら	0
平らげる	たいらげる	4
平凡	へいぼん	0
平和	へいわ	0
平均	へいきん	0
平常	へいじょう	0
平日	へいじつ	0
平気	へいき	0
平然	へいぜん	0
平等	びょうどう	0
平衡	へいこう	0
平衡感覚	へいこうかんかく	5
平野	へいや	0
平静	へいせい	0
年	とし	2
年代	ねんだい	0
年収	ねんしゅう	0
年月	としつき	2
年金	ねんきん	0
幸い	さいわい	0
幸せ	しあわせ	0
幸福	こうふく	0
幸運	こううん	0
幻想	げんそう	0
幻滅	げんめつ	0
幼い	おさない	3
幽玄	ゆうげん	0
幾分	いくぶん	0
広い	ひろい	2
広がる	ひろがる	0
広げる	ひろげる	0
広まる	ひろまる	3
広める	ひろめる	3
広告	こうこく	0
広報	こうほう	1
広場	ひろば	1
広大	こうだい	0
庇う	かばう	2
床	ゆか	0
序列	じょれつ	0
序盤	じょばん	0
序論	じょろん	0
底	そこ	0
底値	そこね	0
店	みせ	2
店員	てんいん	0
度々	たびたび	0
度合い	どあい	0
度量	どりょう	0
座る	すわる	0
座布団	ざぶとん	2
庭	にわ	0
廃れる	すたれる	0
廃棄	はいき	1
廉恥	れんち	1
廊下	ろうか	0
延髄	えんずい	1
建つ	たつ	1
建てる	たてる	2
建前	たてまえ	0
建物	たてもの	2
建設的	けんせつてき	0
弁える	わきまえる	4
弁当	べんとう	3
弁舌	べんぜつ	0
弁論	べんろん	0
弁護	べんご	1
弁護士	べんごし	3
弄ぶ	もてあそぶ	4
弄る	いじる	2
弊害	へいがい	0
式典	しきてん	0
弔う	とむらう	3
引き上げる	ひきあげる	4
引き下げる	ひきさげる	4
引き付ける	ひきつける	4
引き出し	ひきだし	0
引き出す	ひきだす	3
引き受ける	ひきうける	4
引き寄せる	ひきよせる	4
引き手	ひきて	0
引き止める	ひきとめる	4
引き留める	ひきとめる	4
引き立てる	ひきたてる	4
引き続き	ひきつづき	0
引き締める	ひきしめる	4
引き返す	ひきかえす	3
引き連れる	ひきつれる	4
引く	ひく	0
引っ越し	ひっこし	0
引っ越す	ひっこす	3
引力	いんりょく	1
弟	おとうと	4
弟子	でし	2
弱々しい	よわよわしい	5
弱い	よわい	2
弱まる	よわまる	3
弱み	よわみ	3
弱める	よわめる	3
弱気	よわき	0
弱点	じゃくてん	3
弱肉強食	じゃくにくきょうしょく	0
張り切る	はりきる	3
張り替える	はりかえる	4
張り詰める	はりつめる	4
張力	ちょうりょく	1
強い	つよい	2
強いて	しいて	1
強いる	しいる	2
強まる	つよまる	3
強み	つよみ	3
強める	つよめる	3
強固	きょうこ	1
強度	きょうど	1
強引	ごういん	0
強張る	こわばる	3
強欲	ごうよく	0
強気	つよき	0
強烈	きょうれつ	0
強硬	きょうこう	0
強靭	きょうじん	0
弾く	ひく	0
弾む	はずむ	0
弾力	だんりょく	0
弾圧	だんあつ	0
当てはまる	あてはまる	4
当てはめる	あてはめる	4
当てる	あてる	0
当分	とうぶん	0
当否	とうひ	1
当惑	とうわく	0
当時	とうじ	1
当然	とうぜん	0
当節	とうせつ	1
当面	とうめん	0
形勢	けいせい	0
形式	けいしき	0
形相	ぎょうそう	0
形跡	けいせき	0
彩る	いろどる	3
彫刻	ちょうこく	0
影	かげ	1
影響	えいきょう	0
彷徨う	さまよう	3
役割	やくわり	3
役所	やくしょ	3
役目	やくめ	3
役者	やくしゃ	0
彼	かれ	1
彼女	かのじょ	1
彼方	かなた	1
往々にして	おうおうにして	0
往年	おうねん	0
往時	おうじ	1
待ち侘びる	まちわびる	0
待ち受ける	まちうける	4
待ち構える	まちかまえる	5
待ち遠しい	まちどおしい	5
待つ	まつ	1
律儀	りちぎ	1
後の祭り	あとのまつり	1
後ろ	うしろ	0
後悔	こうかい	1
後輩	こうはい	0
後進	こうしん	0
後遺症	こういしょう	0
従う	したがう	0
従える	したがえる	0
従って	したがって	0
従属	じゅうぞく	0
従来	じゅうらい	1
従業員	じゅうぎょういん	3
従順	じゅうじゅん	0
得てして	えてして	1
得意	とくい	2
得意先	とくいさき	0
得策	とくさく	0
復讐	ふくしゅう	0
循環	じゅんかん	0
微妙	びみょう	0
微笑ましい	ほほえましい	5
徳望	とくぼう	0
徴候	ちょうこう	0
徴税	ちょうぜい	0
徹頭徹尾	てっとうてつび	5
心	こころ	3
心がける	こころがける	5
心境	しんきょう	0
心強い	こころづよい	5
心得る	こころえる	4
心情	しんじょう	0
心拍	しんぱく	0
心根	こころね	0
心機一転	しんきいってん	1
心細い	こころぼそい	5
心置きなく	こころおきなく	6
心臓	しんぞう	0
心許ない	こころもとない	6
心遣い	こころづかい	4
心配	しんぱい	0
必ず	かならず	0
必ずしも	かならずしも	4
必然	ひつぜん	0
必要	ひつよう	0
忌々しい	いまいましい	5
忌まわしい	いまわしい	4
忍ぶ	しのぶ	2
忍耐	にんたい	1
志す	こころざす	4
志向	しこう	0
忘れっぽい	わすれっぽい	5
忘れる	わすれる	0
忙しい	いそがしい	4
応える	こたえる	3
応じる	おうじる	0
応力	おうりょく	1
応対	おうたい	0
応急	おうきゅう	0
応接間	おうせつま	0
忠実	ちゅうじつ	0
忠誠	ちゅうせい	0
快い	こころよい	4
快哉	かいさい	0
快晴	かいせい	0
快活	かいかつ	0
快適	かいてき	0
念頭	ねんとう	0
忸怩	じくじ	1
怒り	いかり	3
怒りっぽい	おこりっぽい	5
怒る	おこる	2
怒鳴る	どなる	2
怖い	こわい	2
思いがけない	おもいがけない	5
思いやり	おもいやり	0
思い付く	おもいつく	4
思い入れ	おもいいれ	0
思い出す	おもいだす	4
思い切って	おもいきって	4
思い切る	おもいきる	4
思い込む	おもいこむ	4
思う	おもう	2
思う存分	おもうぞんぶん	2
思わず	おもわず	2
思惑	おもわく	0
思慕	しぼ	1
思慮	しりょ	1
思索	しさく	0
怠惰	たいだ	1
急	きゅう	0
急ぐ	いそぐ	2
急に	きゅうに	0
急性	きゅうせい	0
急所	きゅうしょ	0
急騰	きゅうとう	0
性分	しょうぶん	0
性格	せいかく	0
性能	せいのう	0
性質	せいしつ	0
怨念	おんねん	0
怨恨	えんこん	0
怪しい	あやしい	0
怪我	けが	2
怯える	おびえる	0
恋人	こいびと	0
恍惚	こうこつ	0
恐る恐る	おそるおそる	4
恐れる	おそれる	3
恐ろしい	おそろしい	4
恐怖	きょうふ	1
恐慌	きょうこう	0
恒例	こうれい	0
恥じる	はじる	2
恥ずかしい	はずかしい	4
恥辱	ちじょく	0
恨み	うらみ	3
恨む	うらむ	2
恨めしい	うらめしい	4
恩	おん	1
恩恵	おんけい	0
恩義	おんぎ	1
恩赦	おんしゃ	1
恩顧	おんこ	1
息	いき	1
息づく	いきづく	3
息子	むすこ	0
息巻く	いきまく	3
恰も	あたかも	1
恵む	めぐむ	0
悄然	しょうぜん	0
悔いる	くいる	2
悔しい	くやしい	3
悔やむ	くやむ	2
悔恨	かいこん	0
悟る	さとる	0
悠然	ゆうぜん	0
患う	わずらう	0
患者	かんじゃ	0
患部	かんぶ	1
悦楽	えつらく	0
悩ましい	なやましい	4
悩ます	なやます	3
悩む	なやむ	2
悪い	わるい	2
悪化	あっか	0
悪戦苦闘	あくせんくとう	0
悪縁	あくえん	0
悪臭	あくしゅう	0
悲しい	かなしい	0
悲しみ	かなしみ	0
悲しむ	かなしむ	3
悲哀	ひあい	0
悲嘆	ひたん	0
悲壮	ひそう	0
悲惨	ひさん	0
悲愴	ひそう	0
悲痛	ひつう	0
悴む	かじかむ	0
悶える	もだえる	3
悼む	いたむ	2
情け	なさけ	1
情けない	なさけない	4
情け深い	なさけぶかい	5
情勢	じょうせい	0
情報	じょうほう	0
情念	じょうねん	1
情感	じょうかん	0
情緒	じょうちょ	1
情趣	じょうしゅ	1
惑う	まどう	2
惑星	わくせい	0
惚れる	ほれる	0
惜しむ	おしむ	2
惜別	せきべつ	0
惨め	みじめ	1
想像	そうぞう	0
愁い	うれい	3
愉悦	ゆえつ	0
意向	いこう	0
意味	いみ	1
意味付ける	いみづける	4
意図	いと	1
意外	いがい	0
意志	いし	1
意欲	いよく	1
意欲的	いよくてき	0
意気投合	いきとうごう	1
意気消沈	いきしょうちん	1
意義	いぎ	1
意見	いけん	1
意識	いしき	1
愕然	がくぜん	0
愚か	おろか	1
愚人	ぐじん	0
愚直	ぐちょく	0
愛でる	めでる	2
愛情	あいじょう	0
愛憎	あいぞう	0
愛着	あいちゃく	0
感じ	かんじ	0
感じる	かんじる	0
感傷	かんしょう	0
感動	かんどう	0
感嘆	かんたん	0
感性	かんせい	1
感情	かんじょう	0
感想	かんそう	0
感慨	かんがい	0
感染	かんせん	0
感激	かんげき	0
感覚	かんかく	0
感謝	かんしゃ	1
感銘	かんめい	0
感電	かんでん	0
慄く	おののく	3
慄然	りつぜん	0
慈しみ	いつくしみ	0
慈しむ	いつくしむ	4
態度	たいど	1
慌ただしい	あわただしい	5
慌てる	あわてる	0
慎み深い	つつしみぶかい	6
慎む	つつしむ	3
慎重	しんちょう	0
慕う	したう	0
慕情	ぼじょう	0
慚愧	ざんき	1
慟哭	どうこく	0
慢心	まんしん	0
慢性	まんせい	0
慣らす	ならす	2
慣れる	なれる	2
慣例	かんれい	0
慣性	かんせい	0
慣習	かんしゅう	0
慮る	おもんぱかる	5
慰め	なぐさめ	0
慰める	なぐさめる	4
慰労	いろう	0
憂い	うれい	3
憂愁	ゆうしゅう	0
憂慮	ゆうりょ	1
憂鬱	ゆううつ	0
憎い	にくい	2
憎む	にくむ	2
憎悪	ぞうお	1
憐れむ	あわれむ	3
憔悴	しょうすい	0
憚る	はばかる	3
憤り	いきどおり	0
憤る	いきどおる	3
憤怒	ふんぬ	1
憤慨	ふんがい	0
憤懣	ふんまん	0
憤然	ふんぜん	0
憧れ	あこがれ	0
憧れる	あこがれる	0
憧憬	しょうけい	0
憩う	いこう	2
憮然	ぶぜん	0
憲法	けんぽう	1
懊悩	おうのう	0
懐かしい	なつかしい	4
懲らしめる	こらしめる	4
懲らす	こらす	2
懲りる	こりる	2
懸念	けねん	0
懸隔	けんかく	0
懺悔	ざんげ	1
成し遂げる	なしとげる	4
成り行き	なりゆき	0
成る丈	なるたけ	0
成功	せいこう	0
成否	せいひ	1
成果	せいか	1
成長	せいちょう	0
我が	わが	1
我ながら	われながら	5
我慢	がまん	1
我田引水	がでんいんすい	1
我知らず	われしらず	1
戒める	いましめる	4
戦争	せんそう	0
戦慄	せんりつ	0
戦略	せんりゃく	0
截然	せつぜん	0
戯れる	たわむれる	4
戯曲	ぎきょく	0
戸	と	0
戸惑い	とまどい	0
戸惑う	とまどう	3
戻す	もどす	2
戻る	もどる	2
所以	ゆえん	0
所作	しょさ	1
所帯	しょたい	2
所得	しょとく	0
所産	しょさん	0
手	て	1
手のひら	てのひら	2
手の甲	てのこう	1
手伝う	てつだう	3
手入れ	ていれ	3
手動	しゅどう	0
手厳しい	てきびしい	4
手強い	てごわい	3
手当	てあて	1
手形	てがた	0
手掛かり	てがかり	2
手掛ける	てがける	3
手放す	てばなす	3
手数	てすう	2
手数料	てすうりょう	2
手段	しゅだん	1
手立て	てだて	1
手紙	てがみ	0
手続き	てつづき	2
手繰り寄せる	たぐりよせる	5
手腕	しゅわん	1
手術	しゅじゅつ	1
手袋	てぶくろ	2
手軽	てがる	0
手間	てま	2
手順	てじゅん	0
手首	てくび	1
才気	さいき	1
才能	さいのう	0
才覚	さいかく	0
打ち勝つ	うちかつ	3
打ち明ける	うちあける	0
打ち消す	うちけす	0
打つ	うつ	1
打撲	だぼく	0
打開	だかい	0
払う	はらう	2
払底	ふってい	0
扱う	あつかう	0
批准	ひじゅん	0
批評	ひひょう	0
承る	うけたまわる	5
承認	しょうにん	0
技術	ぎじゅつ	1
技量	ぎりょう	1
把手	とって	0
抑える	おさえる	3
抑圧	よくあつ	0
投げる	なげる	2
投げ出す	なげだす	0
投げ掛ける	なげかける	4
投じる	とうじる	0
投書	とうしょ	0
投機	とうき	1
投票	とうひょう	0
投薬	とうやく	0
投資	とうし	0
抗う	あらがう	3
抗体	こうたい	0
抗原	こうげん	0
抗生物質	こうせいぶっしつ	5
抗議	こうぎ	1
折々	おりおり	0
折しも	おりしも	2
折よく	おりよく	3
折り入って	おりいって	0
折り曲げる	おりまげる	4
折る	おる	1
折れる	おれる	2
折悪しく	おりあしく	3
折衷	せっちゅう	0
抜け出す	ぬけだす	3
抱える	かかえる	0
抱き寄せる	だきよせる	4
抱き留める	だきとめる	4
抱き締める	だきしめる	4
抱く	だく	0
抵抗	ていこう	0
抵抗力	ていこうりょく	3
押さえる	おさえる	3
押し付ける	おしつける	4
押し入れ	おしいれ	0
押し通す	おしとおす	3
押す	おす	0
抽斗	ひきだし	0
抽象的	ちゅうしょうてき	0
担う	になう	2
担ぐ	かつぐ	2
担当	たんとう	0
拒む	こばむ	2
拘る	こだわる	3
拘束	こうそく	0
招き入れる	まねきいれる	5
招く	まねく	2
招待	しょうたい	1
拝む	おがむ	2
拠ん所ない	よんどころない	6
拠出	きょしゅつ	0
拠点	きょてん	0
拡散	かくさん	0
拭く	ふく	0
拾う	ひろう	0
持ち上げる	もちあげる	0
持ち合わせる	もちあわせる	5
持ち味	もちあじ	2
持ち込む	もちこむ	0
持つ	もつ	1
持て成す	もてなす	3
持久力	じきゅうりょく	2
持病	じびょう	0
持論	じろん	0
指	ゆび	2
指先	ゆびさき	0
挑む	いどむ	2
挙って	こぞって	2
挙句	あげく	0
挙措	きょそ	1
挟む	はさむ	2
挨拶	あいさつ	1
振動	しんどう	0
振幅	しんぷく	0
捉える	とらえる	3
捏ねる	こねる	2
捕まえる	つかまえる	0
捕らえる	とらえる	3
捧げる	ささげる	0
捨てる	すてる	0
据える	すえる	0
捻挫	ねんざ	0
掃く	はく	1
掃除	そうじ	0
授かる	さずかる	3
授ける	さずける	3
授業	じゅぎょう	1
排他的	はいたてき	0
排出	はいしゅつ	0
排気	はいき	0
排泄	はいせつ	0
掘り下げる	ほりさげる	4
掘り起こす	ほりおこす	4
掛ける	かける	2
掠める	かすめる	0
掠る	かする	2
採掘	さいくつ	0
採決	さいけつ	0
採用	さいよう	0
採算	さいさん	0
探し求める	さがしもとめる	6
探す	さがす	0
探る	さぐる	0
接客	せっきゃく	0
接種	せっしゅ	1
控えめ	ひかえめ	0
控える	ひかえる	3
控訴	こうそ	1
推し進める	おしすすめる	5
措辞	そじ	0
掲げる	かかげる	0
掴む	つかむ	2
掻き立てる	かきたてる	4
掻く	かく	1
揃う	そろう	2
揃える	そろえる	3
揉む	もむ	0
描く	えがく	2
提携	ていけい	0
揚力	ようりょく	1
握る	にぎる	0
揺らぐ	ゆらぐ	0
揺り動かす	ゆりうごかす	5
揺るがす	ゆるがす	3
揺れる	ゆれる	0
損なう	そこなう	3
損ねる	そこねる	3
損失	そんしつ	0
損害	そんがい	0
搬入	はんにゅう	0
搬出	はんしゅつ	0
携える	たずさえる	4
携わる	たずさわる	4
摂理	せつり	1
摩擦	まさつ	0
撃つ	うつ	1
撫でる	なでる	2
撮る	とる	1
操る	あやつる	3
操作	そうさ	1
擦り切れる	すりきれる	4
擦れる	すれる	2
支える	ささえる	0
支出	ししゅつ	0
支店	してん	0
支度	したく	0
支払い	しはらい	0
支払う	しはらう	3
支流	しりゅう	0
支配	しはい	1
支障	ししょう	0
支離滅裂	しりめつれつ	1
改めて	あらためて	3
改める	あらためる	4
攻める	せめる	2
放つ	はなつ	2
放射	ほうしゃ	0
放射線	ほうしゃせん	0
放射能	ほうしゃのう	3
放心	ほうしん	0
放送	ほうそう	0
放電	ほうでん	0
政令	せいれい	0
政体	せいたい	0
政党	せいとう	0
政変	せいへん	0
政局	せいきょく	0
政府	せいふ	1
政権	せいけん	0
政治	せいじ	0
政治家	せいじか	0
政略	せいりゃく	0
政策	せいさく	0
敏感	びんかん	0
救う	すくう	0
教える	おしえる	0
教会	きょうかい	0
教室	きょうしつ	0
教授	きょうじゅ	0
教育	きょういく	0
敢えて	あえて	1
敢然	かんぜん	0
散らかす	ちらかす	0
散らす	ちらす	0
散歩	さんぽ	0
敬う	うやまう	3
敬意	けいい	1
数える	かぞえる	3
数え上げる	かぞえあげる	5
数多	あまた	1
数学	すうがく	0
数量	すうりょう	3
整う	ととのう	3
整える	ととのえる	4
整然	せいぜん	0
整頓	せいとん	0
敵	てき	0
敵対	てきたい	0
敵意	てきい	1
敷き詰める	しきつめる	4
敷く	しく	0
敷地	しきち	0
文体	ぶんたい	0
文化	ぶんか	1
文化的	ぶんかてき	0
文学	ぶんがく	1
文法	ぶんぽう	0
文献	ぶんけん	0
文章	ぶんしょう	1
文脈	ぶんみゃく	0
文芸	ぶんげい	0
料理	りょうり	1
料金	りょうきん	1
斜め	ななめ	2
斬新	ざんしん	0
断じて	だんじて	0
断る	ことわる	3
断固	だんこ	1
断層	だんそう	0
断崖	だんがい	0
断水	だんすい	0
断然	だんぜん	0
断腸	だんちょう	0
断面	だんめん	3
新しい	あたらしい	4
新参	しんざん	0
新幹線	しんかんせん	3
新月	しんげつ	1
新聞	しんぶん	0
新鋭	しんえい	0
新陳代謝	しんちんたいしゃ	5
新鮮	しんせん	0
方	ほう	1
方位	ほうい	1
方法	ほうほう	0
方策	ほうさく	0
方角	ほうがく	0
方途	ほうと	1
方針	ほうしん	0
方面	ほうめん	3
施す	ほどこす	3
施政	しせい	0
旅立つ	たびだつ	3
旅行	りょこう	0
旋律	せんりつ	0
既に	すでに	1
既得権	きとくけん	3
日	にち	1
日の入り	ひのいり	0
日の出	ひので	0
日中	にっちゅう	0
日常	にちじょう	0
日曜日	にちようび	3
日本語	にほんご	0
日課	にっか	0
日進月歩	にっしんげっぽ	5
旧弊	きゅうへい	0
早い	はやい	2
早くも	はやくも	1
早める	はやめる	3
早退	そうたい	0
早速	さっそく	0
昆虫	こんちゅう	0
昇る	のぼる	0
昇格	しょうかく	0
昇給	しょうきゅう	0
昇華	しょうか	0
昇進	しょうしん	0
明かす	あかす	0
明け方	あけがた	0
明け暮れる	あけくれる	4
明らか	あきらか	2
明るい	あかるい	0
明日	あした	3
明晰	めいせき	0
明朗	めいろう	0
明白	めいはく	0
明確	めいかく	0
昏睡	こんすい	0
易しい	やさしい	0
昔	むかし	0
星	ほし	0
星座	せいざ	0
映画	えいが	1
映画館	えいがかん	3
春	はる	1
昨今	さっこん	1
昨日	きのう	2
是が非でも	ぜがひでも	1
是認	ぜにん	0
是非	ぜひ	1
是非とも	ぜひとも	1
昼	ひる	2
昼ご飯	ひるごはん	3
昼寝	ひるね	0
昼間	ひるま	3
時	じ	1
時々	ときどき	0
時代	じだい	0
時折	ときおり	0
時期	じき	1
時機	じき	1
時節	じせつ	1
時給	じきゅう	0
時計	とけい	0
時間	じかん	0
晒す	さらす	0
晩	ばん	0
晩ご飯	ばんごはん	3
晩年	ばんねん	0
普通	ふつう	0
景気	けいき	0
景況	けいきょう	0
景色	けしき	1
晴れ	はれ	2
晴れやか	はれやか	2
晴れる	はれる	2
晴耕雨読	せいこううどく	5
暇	ひま	0
暑い	あつい	2
暖かい	あたたかい	4
暗い	くらい	0
暫し	しばし	1
暫時	ざんじ	1
暮らし	くらし	0
暮らす	くらす	0
暮れる	くれる	0
暴落	ぼうらく	0
暴言	ぼうげん	0
暴騰	ぼうとう	0
曇り	くもり	3
曇る	くもる	2
曇天	どんてん	0
曖昧	あいまい	0
曜日	ようび	0
曲がりなりにも	まがりなりにも	6
曲がる	まがる	0
曲げる	まげる	0
曲線	きょくせん	0
更に	さらに	1
更新	こうしん	0
更生	こうせい	0
書き留める	かきとめる	4
書き直す	かきなおす	4
書く	かく	1
書斎	しょさい	0
書籍	しょせき	1
書道	しょどう	1
書類	しょるい	0
最も	もっとも	3
最中	さいちゅう	1
最初	さいしょ	0
最後	さいご	1
最期	さいご	1
月	つき	2
月曜日	げつようび	3
月給	げっきゅう	0
有利	ゆうり	1
有効	ゆうこう	0
有名	ゆうめい	0
有能	ゆうのう	0
朋輩	ほうばい	0
服	ふく	2
服役	ふくえき	0
服従	ふくじゅう	0
朗らか	ほがらか	2
望ましい	のぞましい	4
望む	のぞむ	0
望郷	ぼうきょう	0
朝	あさ	1
朝ご飯	あさごはん	3
朝令暮改	ちょうれいぼかい	0
期待	きたい	0
期間	きかん	2
期限	きげん	1
木	き	1
木曜日	もくようび	3
木材	もくざい	2
木陰	こかげ	0
未だに	いまだに	0
未明	みめい	0
未来	みらい	1
未練	みれん	1
未練がましい	みれんがましい	6
末期	まっき	1
末端	まったん	0
本	ほん	1
本人	ほんにん	1
本分	ほんぶん	1
本屋	ほんや	1
本当に	ほんとうに	5
本心	ほんしん	1
本性	ほんしょう	1
本意	ほんい	1
本拠	ほんきょ	1
本旨	ほんし	1
本末転倒	ほんまつてんとう	1
本来	ほんらい	1
本棚	ほんだな	1
本社	ほんしゃ	1
本筋	ほんすじ	0
本論	ほんろん	1
本質	ほんしつ	0
本音	ほんね	0
本領	ほんりょう	0
朴訥	ぼくとつ	0
机	つくえ	0
朽ちる	くちる	2
朽ち果てる	くちはてる	4
材料	ざいりょう	3
村	むら	2
杞憂	きゆう	0
束ねる	たばねる	3
束の間	つかのま	0
条件	じょうけん	3
条例	じょうれい	0
条文	じょうぶん	0
条理	じょうり	1
条約	じょうやく	0
来す	きたす	2
来る	くる	1
来年	らいねん	0
来月	らいげつ	1
来週	らいしゅう	0
杯	はい	1
東	ひがし	0
東奔西走	とうほんせいそう	0
板	いた	1
枕	まくら	1
枕元	まくらもと	3
林	はやし	3
果たして	はたして	2
果たす	はたす	2
果てしない	はてしない	4
果てる	はてる	2
果敢	かかん	0
果物	くだもの	2
枝葉末節	しようまっせつ	1
枠	わく	2
枠組	わくぐみ	0
枠組み	わくぐみ	0
枢要	すうよう	0
枯らす	からす	0
枯れる	かれる	0
枯れ葉	かれは	0
枯渇	こかつ	0
染みる	しみる	0
染める	そめる	0
染色体	せんしょくたい	0
柔らかい	やわらかい	4
柔和	にゅうわ	0
柔軟	じゅうなん	0
柱	はしら	3
栄える	さかえる	3
栄転	えいてん	0
栄養	えいよう	0
栓	せん	1
校正	こうせい	0
校長	こうちょう	0
株	かぶ	0
株主	かぶぬし	2
株式	かぶしき	2
核	かく	1
核分裂	かくぶんれつ	3
核心	かくしん	0
核融合	かくゆうごう	3
根	ね	1
根城	ねじろ	0
根幹	こんかん	0
根底	こんてい	0
根拠	こんきょ	1
根本	こんぽん	0
根深い	ねぶかい	3
根源	こんげん	3
格好	かっこう	0
格差	かくさ	1
格段	かくだん	0
案じる	あんじる	0
案の定	あんのじょう	3
案内	あんない	3
案外	あんがい	1
梅雨	つゆ	0
梗概	こうがい	0
棒	ぼう	0
棚	たな	0
棚卸	たなおろし	0
森	もり	0
森林	しんりん	0
椅子	いす	0
植える	うえる	0
植え付ける	うえつける	4
植木	うえき	0
植物	しょくぶつ	2
検事	けんじ	1
検品	けんぴん	0
検査	けんさ	1
検診	けんしん	0
検証	けんしょう	0
楚々	そそ	1
業務	ぎょうむ	1
業種	ぎょうしゅ	0
業績	ぎょうせき	0
極めて	きわめて	2
極力	きょくりょく	2
極度	きょくど	1
極意	ごくい	1
極端	きょくたん	3
極致	きょくち	1
極限	きょくげん	0
楽しい	たのしい	3
楽しむ	たのしむ	3
楽譜	がくふ	0
概して	がいして	1
概ね	おおむね	0
概念	がいねん	1
概略	がいりゃく	0
概要	がいよう	0
概観	がいかん	0
構える	かまえる	3
構図	こうず	0
構造	こうぞう	0
様々	さまざま	2
様子	ようす	0
様式	ようしき	0
様相	ようそう	0
模様	もよう	0
権利	けんり	1
権力	けんりょく	1
権威	けんい	1
権益	けんえき	0
権限	けんげん	3
横	よこ	0
横断歩道	おうだんほどう	5
横暴	おうぼう	0
横柄	おうへい	1
横着	おうちゃく	3
横隔膜	おうかくまく	4
横領	おうりょう	0
樹脂	じゅし	1
橋	はし	2
橋渡し	はしわたし	3
機微	きび	1
機械	きかい	2
機構	きこう	0
機知	きち	1
機能	きのう	1
機転	きてん	0
欠乏	けつぼう	0
欠席	けっせき	0
欠損	けっそん	0
欠点	けってん	3
欠陥	けっかん	0
次第に	しだいに	0
欲しい	ほしい	2
欲望	よくぼう	0
欺く	あざむく	3
歌	うた	2
歌う	うたう	0
歌手	かしゅ	1
歌詞	かし	1
歓喜	かんき	1
止まる	とまる	0
止む	やむ	0
止める	とめる	0
正しい	ただしい	3
正に	まさに	1
正常	せいじょう	0
正当性	せいとうせい	0
正直	しょうじき	3
正確	せいかく	0
正論	せいろん	0
正邪	せいじゃ	1
歩く	あるく	2
歩合	ぶあい	0
歩道	ほどう	0
歯	は	1
歯ブラシ	はブラシ	2
歯磨き粉	はみがきこ	4
歳入	さいにゅう	0
歳出	さいしゅつ	0
歳月	さいげつ	1
歴史	れきし	0
歴然	れきぜん	0
死ぬ	しぬ	0
死亡	しぼう	0
死角	しかく	0
殊の外	ことのほか	0
殊勝	しゅしょう	0
殊更	ことさら	0
残す	のこす	2
残る	のこる	2
残忍	ざんにん	0
残念	ざんねん	3
残業	ざんぎょう	0
残虐	ざんぎゃく	0
残酷	ざんこく	0
残高	ざんだか	1
殴る	なぐる	2
段取り	だんどり	0
段落	だんらく	0
段階	だんかい	0
殺菌	さっきん	0
毅然	きぜん	0
母	はは	1
毎年	まいとし	0
毎日	まいにち	1
毎晩	まいばん	1
毎月	まいつき	0
毎朝	まいあさ	1
毎週	まいしゅう	0
毒々しい	どくどくしい	5
比べる	くらべる	0
比喩	ひゆ	1
比率	ひりつ	0
比重	ひじゅう	0
毛布	もうふ	1
民意	みんい	1
民族	みんぞく	1
民生	みんせい	0
気づく	きづく	2
気丈	きじょう	0
気体	きたい	0
気候	きこう	0
気分	きぶん	1
気力	きりょく	0
気取る	きどる	0
気品	きひん	0
気圧	きあつ	0
気性	きしょう	0
気持ち	きもち	0
気概	きがい	0
気温	きおん	0
気立て	きだて	0
気管	きかん	0
気管支	きかんし	2
気色	けしき	1
気色ばむ	けしきばむ	4
気質	きしつ	0
気軽	きがる	0
気遣う	きづかう	3
気配	けはい	1
気配り	きくばり	2
気風	きふう	0
気骨	きこつ	0
水	みず	0
水っぽい	みずっぽい	4
水圧	すいあつ	0
水平線	すいへいせん	0
水曜日	すいようび	3
水準	すいじゅん	0
水素	すいそ	1
水面下	すいめんか	3
氷	こおり	0
永久歯	えいきゅうし	3
氾濫	はんらん	0
求める	もとめる	3
求人	きゅうじん	0
汗	あせ	1
汗ばむ	あせばむ	3
汗臭い	あせくさい	4
汚い	きたない	3
汚す	よごす	0
汚らわしい	けがらわしい	5
汚れる	よごれる	0
汚染	おせん	0
池	いけ	2
決して	けっして	0
決まる	きまる	0
決める	きめる	0
決壊	けっかい	0
決定	けってい	0
決心	けっしん	1
決意	けつい	1
決済	けっさい	1
決然	けつぜん	0
決算	けっさん	1
決裂	けつれつ	0
沈む	しずむ	0
沈める	しずめる	0
沈殿	ちんでん	0
沈着	ちんちゃく	0
沈降	ちんこう	0
河口	かこう	0
沸かす	わかす	0
沸く	わく	0
油断	ゆだん	0
油絵	あぶらえ	3
治す	なおす	2
治める	おさめる	3
治る	なおる	2
治安	ちあん	0
治療	ちりょう	0
治癒	ちゆ	1
沼	ぬま	2
沽券	こけん	0
沿う	そう	0
沿岸	えんがん	0
泉	いずみ	0
泊まる	とまる	0
法事	ほうじ	0
法令	ほうれい	0
法則	ほうそく	0
法律	ほうりつ	0
法案	ほうあん	0
法要	ほうよう	0
法規	ほうき	1
泡	あわ	2
波	なみ	2
波動	はどう	0
波打つ	なみうつ	3
波長	はちょう	0
泣き所	なきどころ	0
泣く	なく	0
泥	どろ	2
泥棒	どろぼう	0
注ぐ	そそぐ	0
注射	ちゅうしゃ	0
注意	ちゅうい	1
注意深い	ちゅういぶかい	5
注文	ちゅうもん	0
泰斗	たいと	1
泰然	たいぜん	0
泰然自若	たいぜんじじゃく	0
泳ぐ	およぐ	2
洋服	ようふく	0
洗い物	あらいもの	0
洗う	あらう	0
洗濯	せんたく	0
洗面台	せんめんだい	0
洗面所	せんめんじょ	0
洞察	どうさつ	0
洞窟	どうくつ	0
津波	つなみ	0
洪水	こうずい	0
活動的	かつどうてき	0
活気づく	かっきづく	4
活況	かっきょう	0
活発	かっぱつ	0
派手	はで	2
派閥	はばつ	0
流れる	ながれる	3
流通	りゅうつう	0
浄化	じょうか	1
浅い	あさい	0
浅ましい	あさましい	4
浪費	ろうひ	0
浮かぶ	うかぶ	0
浮く	うく	0
浮力	ふりょく	1
浴びせる	あびせる	0
浴びる	あびる	0
浴槽	よくそう	0
海	うみ	1
海外	かいがい	1
浸かる	つかる	0
浸す	ひたす	0
浸透	しんとう	0
浸食	しんしょく	0
消える	きえる	0
消しゴム	けしゴム	0
消す	けす	0
消化	しょうか	0
消息	しょうそく	0
消極的	しょうきょくてき	0
消毒	しょうどく	0
消費	しょうひ	0
消費税	しょうひぜい	3
消費者	しょうひしゃ	3
消防署	しょうぼうしょ	5
涙	なみだ	1
液体	えきたい	0
涼しい	すずしい	3
淀む	よどむ	2
深い	ふかい	2
深さ	ふかさ	2
深まる	ふかまる	3
深める	ふかめる	3
深刻	しんこく	0
深夜	しんや	1
淵源	えんげん	0
混ぜる	まぜる	2
混沌	こんとん	0
添える	そえる	0
清々しい	すがすがしい	5
清める	きよめる	3
清冽	せいれつ	0
清廉	せいれん	0
清掃	せいそう	0
清潔	せいけつ	0
清澄	せいちょう	0
済ます	すます	2
済ませる	すませる	3
済む	すむ	1
減じる	げんじる	0
減らす	へらす	0
減る	へる	0
減少	げんしょう	0
減給	げんきゅう	0
減資	げんし	0
渡す	わたす	0
渡る	わたる	0
渦巻く	うずまく	3
温い	ぬるい	2
温める	あたためる	4
温厚	おんこう	0
温和	おんわ	0
温度	おんど	1
温故知新	おんこちしん	1
温暖化	おんだんか	0
測る	はかる	2
港	みなと	0
渾然	こんぜん	0
湖	みずうみ	3
湛える	たたえる	0
湧き上がる	わきあがる	4
湧き水	わきみず	0
湧出	ゆうしゅつ	0
湯	ゆ	1
湯気	ゆげ	1
湿っぽい	しめっぽい	4
湿る	しめる	0
湿度	しつど	2
湿気	しっけ	0
満たす	みたす	2
満ちる	みちる	2
満悦	まんえつ	0
満更	まんざら	0
満月	まんげつ	1
満杯	まんぱい	0
満足	まんぞく	1
満載	まんさい	0
満遍なく	まんべんなく	5
源泉	げんせん	0
源流	げんりゅう	0
準じる	じゅんじる	0
準備	じゅんび	1
溢れる	あふれる	3
溶かす	とかす	2
溶け込む	とけこむ	0
溶媒	ようばい	0
溶液	ようえき	1
溶解	ようかい	0
溶質	ようしつ	0
溺れる	おぼれる	0
滅びる	ほろびる	3
滅ぶ	ほろぶ	2
滅ぼす	ほろぼす	3
滅菌	めっきん	0
滑らか	なめらか	2
滑る	すべる	2
滝	たき	0
滞る	とどこおる	0
滞納	たいのう	0
滲む	にじむ	2
滾る	たぎる	2
漂う	ただよう	3
漏らす	もらす	2
漏れる	もれる	2
演じる	えんじる	0
演出	えんしゅつ	0
演劇	えんげき	0
演奏	えんそう	0
漠然	ばくぜん	0
漢字	かんじ	0
漫画	まんが	0
漬かる	つかる	0
潔い	いさぎよい	4
潔白	けっぱく	0
潜める	ひそめる	3
潜伏	せんぷく	0
潤う	うるおう	3
潤す	うるおす	3
潮	しお	2
潮時	しおどき	0
潮流	ちょうりゅう	0
潰す	つぶす	0
潰れる	つぶれる	0
潰瘍	かいよう	0
澄ます	すます	2
澄む	すむ	1
激しい	はげしい	3
激励	げきれい	0
激怒	げきど	1
激情	げきじょう	0
激昂	げっこう	0
激烈	げきれつ	0
濁す	にごす	2
濁る	にごる	2
濃い	こい	1
濃厚	のうこう	0
濃密	のうみつ	0
濃度	のうど	1
濡らす	ぬらす	0
濡れる	ぬれる	0
火事	かじ	1
火傷	やけど	0
火山	かざん	1
火曜日	かようび	2
灰	はい	0
灰皿	はいざら	0
災害	さいがい	0
炊事	すいじ	0
炊飯	すいはん	0
炎症	えんしょう	0
炭	すみ	2
炭水化物	たんすいかぶつ	5
炭素	たんそ	1
点	てん	0
為政者	いせいしゃ	2
為替	かわせ	0
焚きつける	たきつける	4
焚く	たく	0
無事	ぶじ	0
無効	むこう	0
無名	むめい	0
無垢	むく	1
無心	むしん	0
無念	むねん	0
無情	むじょう	0
無残	むざん	1
無理	むり	1
無能	むのう	0
無茶	むちゃ	1
無視	むし	1
無謀	むぼう	0
無邪気	むじゃき	1
焦がす	こがす	2
焦がれる	こがれる	3
焦げる	こげる	2
焦り	あせり	3
焦る	あせる	2
焦慮	しょうりょ	1
焦点	しょうてん	1
焦燥	しょうそう	0
焼き付ける	やきつける	4
焼く	やく	0
焼ける	やける	0
焼香	しょうこう	0
煌びやか	きらびやか	3
煌めく	きらめく	3
煙	けむり	0
煙突	えんとつ	0
煙草	たばこ	0
照らす	てらす	0
照れくさい	てれくさい	4
煩う	わずらう	0
煩わしい	わずらわしい	5
煩悩	ぼんのう	0
煩悶	はんもん	0
煮る	にる	0
煮詰める	につめる	3
熟慮	じゅくりょ	1
熱	ねつ	2
熱い	あつい	2
熱心	ねっしん	1
熱情	ねつじょう	0
熾烈	しれつ	0
燃える	もえる	0
燃やす	もやす	0
燃料	ねんりょう	3
燃焼	ねんしょう	0
燻る	くすぶる	3
爆発	ばくはつ	0
爛れる	ただれる	0
爪先	つまさき	0
父	ちち	2
爽やか	さわやか	2
片付け	かたづけ	0
片付ける	かたづける	4
片方	かたほう	2
片腹痛い	かたはらいたい	6
片隅	かたすみ	3
版画	はんが	0
牛乳	ぎゅうにゅう	0
牛肉	ぎゅうにく	0
物価	ぶっか	0
物干し	ものほし	3
物流	ぶつりゅう	0
物置	ものおき	3
物腰	ものごし	0
物語	ものがたり	3
物質	ぶっしつ	0
特に	とくに	1
特別	とくべつ	0
特徴	とくちょう	0
特性	とくせい	0
特技	とくぎ	1
特殊	とくしゅ	0
特色	とくしょく	0
特質	とくしつ	0
特集	とくしゅう	0
犠牲	ぎせい	0
犬	いぬ	2
犬歯	けんし	1
犯人	はんにん	1
犯罪	はんざい	0
状態	じょうたい	0
状況	じょうきょう	0
狂喜	きょうき	1
狙う	ねらう	0
狡猾	こうかつ	0
独奏	どくそう	0
独特	どくとく	0
独自性	どくじせい	0
独裁	どくさい	0
独身	どくしん	0
狭い	せまい	2
狼狽	ろうばい	0
猛烈	もうれつ	0
猛然	もうぜん	0
猜疑	さいぎ	1
猫	ねこ	1
献身	けんしん	0
献身的	けんしんてき	0
玄人	くろうと	1
玄関	げんかん	1
率	りつ	1
率いる	ひきいる	3
率直	そっちょく	0
珍しい	めずらしい	4
現に	げんに	1
現れる	あらわれる	4
現代	げんだい	1
現在	げんざい	1
現地	げんち	1
現場	げんば	0
現実	げんじつ	0
現実的	げんじつてき	0
現状	げんじょう	0
現象	げんしょう	0
現金	げんきん	3
理不尽	りふじん	2
理屈	りくつ	0
理屈っぽい	りくつっぽい	5
理念	りねん	1
理性	りせい	1
理想	りそう	0
理想的	りそうてき	0
理由	りゆう	0
理知的	りちてき	0
琴線	きんせん	0
環境	かんきょう	0
瓶	びん	1
甘い	あまい	0
甘える	あまえる	0
甘んじる	あまんじる	4
甚だしい	はなはだしい	5
甚大	じんだい	0
生える	はえる	2
生かす	いかす	2
生き延びる	いきのびる	4
生じる	しょうじる	0
生まれる	うまれる	0
生やす	はやす	2
生命	せいめい	1
生徒	せいと	1
生意気	なまいき	0
生態	せいたい	0
生態系	せいたいけい	0
生業	なりわい	0
生活	せいかつ	0
生物	せいぶつ	1
生産	せいさん	0
生計	せいけい	0
産業	さんぎょう	0
産物	さんぶつ	0
用	よう	1
用いる	もちいる	3
用事	ようじ	0
用心深い	ようじんぶかい	6
用意	ようい	1
用意周到	よういしゅうとう	1
田舎	いなか	0
由縁	ゆえん	0
甲斐甲斐しい	かいがいしい	5
甲状腺	こうじょうせん	0
申し上げる	もうしあげる	5
申し出る	もうしでる	4
申し込み	もうしこみ	0
申し込む	もうしこむ	4
男	おとこ	3
男の子	おとこのこ	3
男性	だんせい	0
町	まち	2
町内会	ちょうないかい	3
画家	がか	0
画期的	かっきてき	0
画竜点睛	がりょうてんせい	1
画風	がふう	0
界隈	かいわい	1
畏まる	かしこまる	4
留める	とどめる	3
留学	りゅうがく	0
留学生	りゅうがくせい	3
留守	るす	1
留守番	るすばん	0
番	ばん	1
番号	ばんごう	3
番組	ばんぐみ	0
異なる	ことなる	3
異口同音	いくどうおん	1
異常	いじょう	0
異論	いろん	0
異議	いぎ	1
畳	たたみ	0
畳む	たたむ	0
疎か	おろそか	2
疎ましい	うとましい	4
疎んじる	うとんじる	4
疑う	うたがう	0
疑わしい	うたがわしい	5
疑心暗鬼	ぎしんあんき	4
疑念	ぎねん	0
疫病	えきびょう	0
疲れる	つかれる	3
疲労	ひろう	0
疼く	うずく	2
疾うに	とうに	1
疾患	しっかん	0
疾病	しっぺい	0
病む	やむ	1
病原	びょうげん	0
病名	びょうめい	0
病歴	びょうれき	0
病気	びょうき	0
病状	びょうじょう	0
病院	びょういん	0
症例	しょうれい	0
症状	しょうじょう	3
痒い	かゆい	2
痕跡	こんせき	0
痙攣	けいれん	0
痛々しい	いたいたしい	5
痛い	いたい	2
痛ましい	いたましい	4
痛み	いたみ	3
痛める	いためる	3
痛切	つうせつ	0
痛恨	つうこん	0
痛惜	つうせき	0
痛烈	つうれつ	0
痩せる	やせる	0
癒える	いえる	2
癒やす	いやす	2
癒着	ゆちゃく	0
癖	くせ	2
発作	ほっさ	0
発信	はっしん	0
発刊	はっかん	0
発効	はっこう	0
発展	はってん	0
発想	はっそう	0
発汗	はっかん	0
発注	はっちゅう	0
発熱	はつねつ	0
発病	はつびょう	0
発症	はっしょう	0
発祥	はっしょう	0
発端	ほったん	0
発表	はっぴょう	0
発見	はっけん	0
発達	はったつ	0
発露	はつろ	1
発音	はつおん	0
登る	のぼる	0
白	しろ	1
白々しい	しらじらしい	5
白い	しろい	2
白っぽい	しろっぽい	4
白血球	はっけっきゅう	3
百	ひゃく	2
皆	みんな	3
皆さん	みなさん	2
皮膚	ひふ	1
皿	さら	0
盆地	ぼんち	0
盆栽	ぼんさい	0
益々	ますます	2
盗む	ぬすむ	2
盛り上がる	もりあがる	4
盛り上げる	もりあげる	4
盛り返す	もりかえす	3
盛ん	さかん	0
盟友	めいゆう	0
盟約	めいやく	0
監査	かんさ	1
監督	かんとく	0
盤石	ばんじゃく	0
目	め	1
目に余る	めにあまる	1
目まぐるしい	めまぐるしい	5
目前	もくぜん	0
目安	めやす	0
目標	もくひょう	0
目的	もくてき	0
目覚ましい	めざましい	4
目録	もくろく	0
盲点	もうてん	1
盲腸	もうちょう	1
直す	なおす	2
直ちに	ただちに	1
直る	なおる	2
直前	ちょくぜん	0
直後	ちょくご	1
直接	ちょくせつ	0
直線	ちょくせん	0
相場	そうば	0
相変わらず	あいかわらず	0
相当	そうとう	0
相応しい	ふさわしい	4
相手	あいて	3
相談	そうだん	0
相違	そうい	0
相関	そうかん	0
省く	はぶく	2
省みる	かえりみる	4
眉	まゆ	1
看板	かんばん	0
看護	かんご	1
看護師	かんごし	3
県庁	けんちょう	1
真ん中	まんなか	0
真価	しんか	1
真偽	しんぎ	1
真剣	しんけん	0
真実	しんじつ	1
真心	まごころ	2
真意	しんい	1
真相	しんそう	0
真面目	まじめ	0
真骨頂	しんこっちょう	3
真髄	しんずい	0
眠い	ねむい	0
眠たい	ねむたい	0
眠る	ねむる	0
眩しい	まぶしい	3
眺める	ながめる	3
眼前	がんぜん	0
眼差し	まなざし	0
眼目	がんもく	0
眼鏡	めがね	1
着く	つく	1
着こなす	きこなす	3
着せる	きせる	0
着る	きる	0
着実	ちゃくじつ	0
着替える	きがえる	3
着服	ちゃくふく	0
睡眠	すいみん	0
睨みつける	にらみつける	5
睨む	にらむ	2
瞬時	しゅんじ	1
瞬発力	しゅんぱつりょく	4
瞬間	しゅんかん	0
瞳	ひとみ	0
矍鑠	かくしゃく	0
矛盾	むじゅん	0
矜持	きょうじ	1
矢庭に	やにわに	0
知らせる	しらせる	0
知り合い	しりあい	0
知り合う	しりあう	3
知己	ちき	1
知恵	ちえ	2
知略	ちりゃく	1
知覚	ちかく	0
知識	ちしき	1
短い	みじかい	3
短所	たんしょ	1
短歌	たんか	1
石	いし	2
石油	せきゆ	0
石炭	せきたん	3
石鹸	せっけん	0
砂	すな	0
砂利	じゃり	0
砂浜	すなはま	0
砂漠	さばく	0
砂糖	さとう	2
研ぎ澄ます	とぎすます	4
研ぐ	とぐ	1
研究	けんきゅう	0
破る	やぶる	2
破れる	やぶれる	3
破産	はさん	0
破綻	はたん	0
硬い	かたい	0
硬骨	こうこつ	0
確か	たしか	1
確かめる	たしかめる	4
確執	かくしつ	0
確実	かくじつ	0
確認	かくにん	0
磁力	じりょく	1
磁場	じば	1
磁束	じそく	0
磨き上げる	みがきあげる	5
磨く	みがく	0
礎	いしずえ	0
示す	しめす	2
礼儀	れいぎ	3
礼賛	らいさん	0
社交的	しゃこうてき	0
社会	しゃかい	1
社説	しゃせつ	0
社長	しゃちょう	0
社風	しゃふう	0
祈る	いのる	2
祖母	そぼ	1
祖父	そふ	1
祝う	いわう	2
祝日	しゅくじつ	0
神々しい	こうごうしい	5
神妙	しんみょう	0
神社	じんじゃ	1
神秘	しんぴ	1
神経	しんけい	1
神経質	しんけいしつ	3
神聖	しんせい	0
神髄	しんずい	0
祭典	さいてん	0
禁じる	きんじる	0
禍々しい	まがまがしい	5
福祉	ふくし	2
秀でる	ひいでる	3
秀才	しゅうさい	0
私	わたし	0
秋	あき	1
科学	かがく	1
秘める	ひめる	2
秘密	ひみつ	0
秘訣	ひけつ	0
秩序	ちつじょ	2
称える	たたえる	0
移す	うつす	2
移植	いしょく	0
移民	いみん	0
稀	まれ	0
稀有	けう	1
程度	ていど	0
程遠い	ほどとおい	0
税金	ぜいきん	0
種	たね	1
種類	しゅるい	1
稲妻	いなずま	0
稼ぐ	かせぐ	2
稼働	かどう	0
積み上げる	つみあげる	4
積み重ねる	つみかさねる	5
積む	つむ	0
積もる	つもる	2
積極的	せっきょくてき	0
穏やか	おだやか	2
究める	きわめる	3
究極	きゅうきょく	0
空	そら	1
空き地	あきち	0
空く	すく	0
空前絶後	くうぜんぜつご	5
空気	くうき	1
空港	くうこう	0
空白	くうはく	0
空間	くうかん	0
突き付ける	つきつける	4
突き刺す	つきさす	3
突き動かす	つきうごかす	5
突き放す	つきはなす	4
突き止める	つきとめる	4
突き詰める	つきつめる	4
突く	つく	0
突如	とつじょ	1
突然	とつぜん	0
窄める	すぼめる	0
窓	まど	1
窓口	まどぐち	2
窮屈	きゅうくつ	1
立ち上がる	たちあがる	0
立ち上げる	たちあげる	0
立ち止まる	たちどまる	0
立ち話	たちばなし	3
立ち退く	たちのく	0
立つ	たつ	1
立て替える	たてかえる	0
立場	たちば	3
立法	りっぽう	0
立派	りっぱ	0
竜頭蛇尾	りゅうとうだび	5
端	はし	0
端緒	たんしょ	1
競う	きそう	2
競争	きょうそう	0
競技場	きょうぎじょう	0
笑う	わらう	0
符合	ふごう	0
筆致	ひっち	0
等しい	ひとしい	3
筋力	きんりょく	1
筋肉	きんにく	1
筋道	すじみち	2
答え	こたえ	2
答える	こたえる	3
策士	さくし	1
策略	さくりゃく	0
箱	はこ	0
箸	はし	1
節目	ふしめ	3
節税	せつぜい	0
節約	せつやく	0
節電	せつでん	0
範囲	はんい	1
築き上げる	きずきあげる	5
築く	きずく	2
篤実	とくじつ	0
簡単	かんたん	0
簡素	かんそ	1
簿記	ぼき	1
米	こめ	2
粉	こな	2
粉飾	ふんしょく	0
粒	つぶ	1
粒子	りゅうし	1
粗い	あらい	0
粗方	あらかた	0
粗末	そまつ	1
粗筋	あらすじ	0
粗雑	そざつ	0
粘っこい	ねばっこい	4
粘り強い	ねばりづよい	5
粘る	ねばる	2
粘膜	ねんまく	1
粛然	しゅくぜん	0
精力	せいりょく	1
精力的	せいりょくてき	0
精密	せいみつ	0
精巧	せいこう	0
精度	せいど	1
精査	せいさ	1
精緻	せいち	1
精製	せいせい	0
精鋭	せいえい	0
糸	いと	1
糸口	いとぐち	2
系列	けいれつ	0
系統	けいとう	0
系譜	けいふ	0
約束	やくそく	0
紅茶	こうちゃ	0
紅葉	もみじ	1
納める	おさめる	3
納入	のうにゅう	0
納品	のうひん	0
納期	のうき	1
納税	のうぜい	0
紐	ひも	0
純朴	じゅんぼく	0
純益	じゅんえき	0
純真	じゅんしん	0
純粋	じゅんすい	0
紙	かみ	2
紛らす	まぎらす	3
紛らわしい	まぎらわしい	5
紛れる	まぎれる	3
紛争	ふんそう	0
素っ気ない	そっけない	4
素人	しろうと	1
素性	すじょう	0
素敵	すてき	0
素早い	すばやい	3
素晴らしい	すばらしい	4
素朴	そぼく	0
素材	そざい	0
素直	すなお	1
素粒子	そりゅうし	2
素質	そしつ	0
素養	そよう	0
索引	さくいん	0
紫外線	しがいせん	0
累積	るいせき	0
細い	ほそい	2
細かい	こまかい	3
細やか	こまやか	2
細密	さいみつ	0
細胞	さいぼう	0
細菌	さいきん	0
紹介	しょうかい	0
終わる	おわる	0
終了	しゅうりょう	0
終始一貫	しゅうしいっかん	1
終点	しゅうてん	0
終焉	しゅうえん	0
終盤	しゅうばん	0
組み立てる	くみたてる	4
組織	そしき	1
絆	きずな	0
経つ	たつ	1
経営	けいえい	0
経済	けいざい	1
経済的	けいざいてき	0
経理	けいり	1
経緯	けいい	1
経費	けいひ	1
経路	けいろ	1
経験	けいけん	0
結び付ける	むすびつける	5
結ぶ	むすぶ	0
結晶	けっしょう	0
結束	けっそく	0
結果	けっか	0
結論	けつろん	0
絡める	からめる	3
絢爛	けんらん	0
給与	きゅうよ	1
給料	きゅうりょう	1
統べる	すべる	2
統制	とうせい	0
統治	とうち	1
絵	え	1
絵画	かいが	1
絶えず	たえず	1
絶える	たえる	2
絶え間ない	たえまない	4
絶やす	たやす	2
絶体絶命	ぜったいぜつめい	0
絶大	ぜつだい	0
絶好調	ぜっこうちょう	3
絶妙	ぜつみょう	0
絶対	ぜったい	0
絶望	ぜつぼう	0
絶版	ぜっぱん	0
絶縁	ぜつえん	0
絶縁体	ぜつえんたい	0
絶頂	ぜっちょう	0
継ぐ	つぐ	0
続く	つづく	0
続ける	つづける	0
綱	つな	2
綱領	こうりょう	3
網	あみ	2
網戸	あみど	2
網膜	もうまく	0
綴る	つづる	0
綻ぶ	ほころぶ	3
綿	わた	2
綿密	めんみつ	0
緊張	きんちょう	0
総じて	そうじて	0
総体	そうたい	0
総括	そうかつ	0
緑	みどり	1
線	せん	1
線路	せんろ	1
締める	しめる	2
締め上げる	しめあげる	4
締め付ける	しめつける	4
締め切り	しめきり	0
締め切る	しめきる	3
緩い	ゆるい	2
緩める	ゆるめる	3
練り上げる	ねりあげる	4
練習	れんしゅう	0
緻密	ちみつ	0
縁	えん	1
縁側	えんがわ	0
縁日	えんにち	1
縁起	えんぎ	0
縋る	すがる	0
縛る	しばる	2
縞	しま	2
縦	たて	1
縦横無尽	じゅうおうむじん	3
縫い付ける	ぬいつける	4
縮む	ちぢむ	0
縮める	ちぢめる	0
繁々	しげしげ	1
繁忙	はんぼう	0
繁殖	はんしょく	0
繊細	せんさい	0
繊維	せんい	1
繕い	つくろい	3
繕う	つくろう	3
繰り広げる	くりひろげる	5
繰り返す	くりかえす	3
罪悪感	ざいあくかん	4
罪深い	つみぶかい	4
罪状	ざいじょう	0
置き換える	おきかえる	4
置く	おく	0
罰	ばつ	1
罰金	ばっきん	0
署名	しょめい	0
罵る	ののしる	3
美しい	うつくしい	4
美点	びてん	0
美術	びじゅつ	1
美術館	びじゅつかん	3
美談	びだん	1
羞恥	しゅうち	1
群がる	むらがる	3
羨ましい	うらやましい	5
羨望	せんぼう	0
義務	ぎむ	1
義務付ける	ぎむづける	4
義憤	ぎふん	0
義理	ぎり	2
翌日	よくじつ	0
習う	ならう	2
習わし	ならわし	0
習慣	しゅうかん	0
翻す	ひるがえす	3
翻る	ひるがえる	3
老いぼれる	おいぼれる	0
老いる	おいる	2
老ける	ふける	2
老人	ろうじん	0
老化	ろうか	0
老獪	ろうかい	0
老練	ろうれん	0
考え	かんがえ	3
考える	かんがえる	4
考察	こうさつ	0
耐える	たえる	2
耳	みみ	2
聞き入れる	ききいれる	4
聞き惚れる	ききほれる	4
聞き慣れる	ききなれる	4
聞き流す	ききながす	4
聞き苦しい	ききぐるしい	5
聞く	きく	0
聞こえる	きこえる	0
聡明	そうめい	0
聳える	そびえる	3
聴力	ちょうりょく	1
聴取	ちょうしゅ	1
聴衆	ちょうしゅう	0
聴覚	ちょうかく	1
職分	しょくぶん	2
職務	しょくむ	1
職員	しょくいん	2
職場	しょくば	0
職業	しょくぎょう	2
職種	しょくしゅ	0
肉	にく	2
肋骨	ろっこつ	0
肌	はだ	1
肘	ひじ	2
肝腎	かんじん	0
肝臓	かんぞう	0
肝要	かんよう	0
股関節	こかんせつ	2
肥える	こえる	2
肥やす	こやす	2
肩	かた	1
育つ	そだつ	2
育てる	そだてる	3
育む	はぐくむ	3
育児	いくじ	1
肺	はい	0
肺胞	はいほう	0
胃	い	0
胆嚢	たんのう	0
背	せ	0
背く	そむく	2
背景	はいけい	0
背理	はいり	1
背骨	せぼね	0
胎児	たいじ	1
胎動	たいどう	0
胡椒	こしょう	2
胸中	きょうちゅう	1
能力	のうりょく	1
能弁	のうべん	0
能率	のうりつ	0
脂っこい	あぶらっこい	5
脂肪	しぼう	0
脅かす	おびやかす	4
脇	わき	2
脈	みゃく	2
脈拍	みゃくはく	0
脈絡	みゃくらく	0
脊椎	せきつい	0
脊髄	せきずい	2
脚本	きゃくほん	0
脱ぐ	ぬぐ	1
脱法	だっぽう	0
脱税	だつぜい	0
脾臓	ひぞう	0
腎臓	じんぞう	0
腐る	くさる	2
腐れ縁	くされえん	3
腐食	ふしょく	0
腕時計	うでどけい	3
腫れる	はれる	0
腫瘍	しゅよう	0
腰	こし	0
腱	けん	1
腸	ちょう	1
腹心	ふくしん	0
腹痛	ふくつう	0
腹立たしい	はらだたしい	5
膀胱	ぼうこう	0
膝	ひざ	0
膨大	ぼうだい	0
膵臓	すいぞう	0
臓器	ぞうき	1
臨む	のぞむ	0
臨機応変	りんきおうへん	1
自伝	じでん	0
自信	じしん	0
自分	じぶん	0
自制	じせい	0
自動	じどう	0
自尊	じそん	0
自尊心	じそんしん	2
自己犠牲	じこぎせい	3
自惚れ	うぬぼれ	0
自暴自棄	じぼうじき	4
自業自得	じごうじとく	0
自治	じち	1
自然	しぜん	0
自由	じゆう	2
自画自賛	じがじさん	1
自虐	じぎゃく	0
自覚	じかく	0
自負	じふ	1
自責	じせき	0
自転車	じてんしゃ	2
臭い	くさい	2
至る	いたる	2
臼歯	きゅうし	1
興味	きょうみ	1
興味深い	きょうみぶかい	5
興奮	こうふん	0
興趣	きょうしゅ	1
舌	した	2
舐める	なめる	2
舞台	ぶたい	1
舞踊	ぶよう	0
船	ふね	1
良否	りょうひ	1
良好	りょうこう	0
良識	りょうしき	0
色	いろ	2
色々	いろいろ	0
色づく	いろづく	3
色彩	しきさい	0
芝	しば	0
芝居	しばい	0
芝生	しばふ	0
花	はな	2
花壇	かだん	1
花火	はなび	1
花瓶	かびん	0
芸術	げいじゅつ	0
芸風	げいふう	0
芽	め	1
苛む	さいなむ	3
苛烈	かれつ	0
苛立ち	いらだち	0
苛立つ	いらだつ	3
苛酷	かこく	0
苟も	いやしくも	3
若々しい	わかわかしい	5
若い	わかい	2
若者	わかもの	0
若葉	わかば	1
苦々しい	にがにがしい	5
苦い	にがい	2
苦しい	くるしい	3
苦しめる	くるしめる	4
苦労	くろう	1
苦境	くきょう	0
苦悩	くのう	0
苦悶	くもん	0
苦情	くじょう	0
苦手	にがて	0
苦渋	くじゅう	0
英知	えいち	1
英語	えいご	0
茂み	しげみ	0
茂る	しげる	2
茫然	ぼうぜん	0
茶の間	ちゃのま	0
茶化す	ちゃかす	2
茶碗	ちゃわん	0
茶色	ちゃいろ	0
茶色い	ちゃいろい	0
茶道	さどう	1
茹でる	ゆでる	2
草創	そうそう	0
草原	そうげん	0
荒い	あらい	0
荒っぽい	あらっぽい	4
荒らす	あらす	0
荒れ果てる	あれはてる	4
荘厳	そうごん	0
荷物	にもつ	1
莫大	ばくだい	0
華々しい	はなばなしい	5
華奢	きゃしゃ	0
華美	かび	1
華道	かどう	1
華麗	かれい	0
萌芽	ほうが	1
萎える	なえる	2
萎びる	しなびる	0
萎れる	しおれる	0
落ちる	おちる	2
落ち着く	おちつく	0
落ち葉	おちば	1
落ち込む	おちこむ	0
落とし穴	おとしあな	3
落とす	おとす	2
落差	らくさ	1
落札	らくさつ	0
落胆	らくたん	0
葉	は	0
葉書	はがき	0
著しい	いちじるしい	5
葛藤	かっとう	0
葬る	ほうむる	3
葬儀	そうぎ	1
蒸し暑い	むしあつい	4
蒸す	むす	1
蒸れる	むれる	2
蒸留	じょうりゅう	0
蒸発	じょうはつ	0
蓄える	たくわえる	4
蓋然	がいぜん	0
蔑む	さげすむ	3
薄い	うすい	0
薄める	うすめる	0
薄情	はくじょう	0
薦める	すすめる	0
薬	くすり	0
薬品	やくひん	0
蘇る	よみがえる	3
虚偽	きょぎ	1
虚像	きょぞう	0
虚実	きょじつ	1
虚栄	きょえい	0
虚構	きょこう	0
虚脱	きょだつ	0
虚言	きょげん	0
虚飾	きょしょく	0
虫	むし	0
虹	にじ	0
蛇口	じゃぐち	0
蛋白質	たんぱくしつ	4
蝕む	むしばむ	3
融解	ゆうかい	0
融資	ゆうし	1
蟠る	わだかまる	4
血	ち	0
血圧	けつあつ	0
血小板	けっしょうばん	0
血液	けつえき	2
血漿	けっしょう	0
血相	けっそう	3
血管	けっかん	0
血統	けっとう	0
行き過ぎる	いきすぎる	4
行く	いく	0
行事	ぎょうじ	1
行儀	ぎょうぎ	0
行列	ぎょうれつ	0
行動	こうどう	0
行政	ぎょうせい	0
行為	こうい	1
行程	こうてい	0
街	まち	2
街灯	がいとう	0
街角	まちかど	0
街道	かいどう	0
衛生	えいせい	0
衝動	しょうどう	0
衝突	しょうとつ	0
表	おもて	3
表	ひょう	0
表す	あらわす	3
表向き	おもてむき	0
表情	ひょうじょう	3
表現	ひょうげん	3
表面	ひょうめん	3
衰える	おとろえる	4
袋	ふくろ	3
袋小路	ふくろこうじ	4
被せる	かぶせる	3
被告	ひこく	0
被害者	ひがいしゃ	2
裁判	さいばん	1
裁決	さいけつ	0
裁縫	さいほう	0
裁量	さいりょう	0
裂く	さく	1
装い	よそおい	3
装う	よそおう	3
装置	そうち	1
裏	うら	2
裏付ける	うらづける	4
裏口	うらぐち	0
裏返す	うらがえす	3
補う	おぎなう	3
補助金	ほじょきん	0
製品	せいひん	0
製造	せいぞう	0
複雑	ふくざつ	0
褒める	ほめる	2
西	にし	0
要	かなめ	0
要するに	ようするに	3
要る	いる	0
要因	よういん	0
要所	ようしょ	0
要旨	ようし	1
要望	ようぼう	0
要点	ようてん	3
要素	ようそ	1
要衝	ようしょう	0
要諦	ようてい	0
要領	ようりょう	3
覆う	おおう	0
覆す	くつがえす	3
覆る	くつがえる	3
覇権	はけん	0
覇気	はき	1
見える	みえる	2
見かける	みかける	0
見かねる	みかねる	0
見せつける	みせつける	0
見せびらかす	みせびらかす	5
見せる	みせる	2
見つかる	みつかる	0
見つける	みつける	0
見つめる	みつめる	0
見なす	みなす	0
見る	みる	1
見上げる	みあげる	0
見下げる	みさげる	0
見下す	みくだす	0
見下ろす	みおろす	0
見事	みごと	1
見出し	みだし	0
見出す	みいだす	3
見分ける	みわける	0
見受ける	みうける	0
見合わせる	みあわせる	0
見地	けんち	1
見学	けんがく	0
見定める	みさだめる	4
見張る	みはる	0
見惚れる	みとれる	0
見慣れる	みなれる	0
見抜く	みぬく	2
見据える	みすえる	0
見放す	みはなす	0
見栄	みえ	2
見極める	みきわめる	4
見比べる	みくらべる	0
見渡す	みわたす	0
見物	けんぶつ	0
見直す	みなおす	0
見積もり	みつもり	0
見立てる	みたてる	0
見繕う	みつくろう	4
見習う	みならう	3
見舞う	みまう	2
見苦しい	みぐるしい	4
見解	けんかい	0
見計らう	みはからう	4
見識	けんしき	0
見込み	みこみ	0
見返す	みかえす	0
見送る	みおくる	0
見逃す	みのがす	0
見透かす	みすかす	0
見通し	みとおし	0
見違える	みちがえる	0
見難い	みにくい	3
規制	きせい	0
規則	きそく	2
規格	きかく	0
規範	きはん	0
視力	しりょく	0
視聴	しちょう	0
視覚	しかく	0
覗く	のぞく	0
覚える	おぼえる	3
覚ます	さます	2
覚める	さめる	2
覚悟	かくご	1
親	おや	2
親しい	したしい	3
親切	しんせつ	1
親子	おやこ	1
親戚	しんせき	0
親族	しんぞく	1
親睦	しんぼく	0
親身	しんみ	1
観客	かんきゃく	0
観念	かんねん	1
観測	かんそく	0
観点	かんてん	1
角	かど	1
角膜	かくまく	0
解き放つ	ときはなつ	0
解析	かいせき	0
解熱	げねつ	0
解雇	かいこ	1
触る	さわる	0
触れる	ふれる	0
触媒	しょくばい	0
触覚	しょっかく	0
言い出す	いいだす	3
言い換える	いいかえる	4
言い返す	いいかえす	3
言う	いう	0
言うなれば	いうなれば	3
言わば	いわば	1
言葉	ことば	3
言語道断	ごんごどうだん	1
言質	げんち	1
言辞	げんじ	1
計り知れない	はかりしれない	0
計る	はかる	2
計測	けいそく	0
計画	けいかく	0
討つ	うつ	1
託す	たくす	2
記す	しるす	0
記事	きじ	1
記入	きにゅう	0
記号	きごう	0
記憶	きおく	0
記者	きしゃ	1
記録	きろく	0
訝しい	いぶかしい	4
訝る	いぶかる	3
訪ねる	たずねる	3
訪れる	おとずれる	4
設える	しつらえる	4
設ける	もうける	3
設備	せつび	1
許す	ゆるす	2
訴える	うったえる	4
訴訟	そしょう	0
診察	しんさつ	0
診断	しんだん	0
診療	しんりょう	0
証人	しょうにん	0
証券	しょうけん	0
証拠	しょうこ	0
証言	しょうげん	0
評価	ひょうか	1
評判	ひょうばん	0
評論	ひょうろん	0
詣でる	もうでる	3
試す	ためす	2
試みる	こころみる	4
試合	しあい	0
試験	しけん	2
詩歌	しいか	1
詫びる	わびる	0
詭弁	きべん	0
詰める	つめる	2
詰る	なじる	2
話	はなし	3
話し合う	はなしあう	4
話し掛ける	はなしかける	5
話す	はなす	2
話題	わだい	0
詳しい	くわしい	3
誇り	ほこり	0
誇る	ほこる	2
認める	みとめる	0
誑かす	たぶらかす	4
誕生日	たんじょうび	3
誘う	さそう	0
誘導	ゆうどう	0
誘惑	ゆうわく	0
語り掛ける	かたりかける	5
語弊	ごへい	0
語感	ごかん	0
語気	ごき	1
誠に	まことに	0
誠実	せいじつ	0
誠意	せいい	1
誤る	あやまる	3
誤魔化す	ごまかす	3
説く	とく	1
説明	せつめい	0
読み上げる	よみあげる	4
読む	よむ	1
誰	だれ	1
誰も	だれも	0
課税	かぜい	0
課長	かちょう	0
課題	かだい	0
調べる	しらべる	3
調停	ちょうてい	0
調和	ちょうわ	0
調子	ちょうし	0
調査	ちょうさ	1
調達	ちょうたつ	0
諂う	へつらう	3
談合	だんごう	0
請求	せいきゅう	0
諌める	いさめる	3
論じる	ろんじる	0
論争	ろんそう	0
論客	ろんきゃく	0
論拠	ろんきょ	1
論旨	ろんし	1
論法	ろんぽう	0
論点	ろんてん	3
論理	ろんり	1
論理的	ろんりてき	0
論評	ろんぴょう	0
論説	ろんせつ	0
論調	ろんちょう	0
諦める	あきらめる	4
諦観	ていかん	0
諭す	さとす	2
謀る	はかる	2
謙虚	けんきょ	1
講じる	こうじる	0
講堂	こうどう	0
講師	こうし	1
講演	こうえん	0
講義	こうぎ	3
謝る	あやまる	3
謳う	うたう	0
謹厳	きんげん	0
識者	しきしゃ	2
警官	けいかん	0
警戒	けいかい	0
議会	ぎかい	1
議員	ぎいん	1
議案	ぎあん	0
議決	ぎけつ	0
議論	ぎろん	1
議長	ぎちょう	1
譲る	ゆずる	0
譲歩	じょうほ	1
譲渡	じょうと	1
谷	たに	2
豆	まめ	2
豊か	ゆたか	1
豊富	ほうふ	0
豚肉	ぶたにく	0
豪快	ごうかい	0
豪胆	ごうたん	3
豪華	ごうか	1
負ける	まける	0
負債	ふさい	0
財務	ざいむ	1
財布	さいふ	0
財政	ざいせい	0
財政難	ざいせいなん	3
財源	ざいげん	0
財産	ざいさん	1
財貨	ざいか	1
貢ぐ	みつぐ	2
貢献	こうけん	0
貧しい	まずしい	3
貧困	ひんこん	0
貧血	ひんけつ	0
販売	はんばい	0
貪欲	どんよく	0
貫く	つらぬく	3
貫禄	かんろく	0
責める	せめる	2
責任	せきにん	0
責任者	せきにんしゃ	3
貯める	ためる	0
貯蓄	ちょちく	0
貯金	ちょきん	0
貴い	とうとい	3
貴重	きちょう	0
貶める	おとしめる	4
買い占める	かいしめる	4
買い求める	かいもとめる	5
買い物	かいもの	0
買う	かう	0
買収	ばいしゅう	0
貸す	かす	0
費やす	ついやす	3
費用	ひよう	1
貼り付ける	はりつける	4
貼る	はる	0
貿易	ぼうえき	0
賃金	ちんぎん	1
賄う	まかなう	3
資料	しりょう	1
資本	しほん	0
資源	しげん	1
資産	しさん	1
資質	ししつ	0
資金	しきん	2
賑わう	にぎわう	3
賛同	さんどう	0
賛否	さんぴ	1
賛成	さんせい	0
賛美	さんび	1
賜る	たまわる	3
賜物	たまもの	0
賞与	しょうよ	1
賞賛	しょうさん	0
賠償	ばいしょう	0
賢い	かしこい	3
賢人	けんじん	0
賢明	けんめい	0
質問	しつもん	0
質素	しっそ	1
質量	しつりょう	2
購読	こうどく	0
贅沢	ぜいたく	3
贖う	あがなう	3
赤	あか	1
赤い	あかい	0
赤ちゃん	あかちゃん	1
赤ん坊	あかんぼう	0
赤外線	せきがいせん	0
赤字	あかじ	0
赤血球	せっけっきゅう	3
赦免	しゃめん	0
走る	はしる	2
赴く	おもむく	3
起きる	おきる	2
起こす	おこす	2
起伏	きふく	0
起死回生	きしかいせい	1
起源	きげん	1
起点	きてん	0
起訴	きそ	2
起電力	きでんりょく	2
超える	こえる	0
超然	ちょうぜん	0
越える	こえる	0
趣	おもむき	0
趣向	しゅこう	0
趣味	しゅみ	1
趣意	しゅい	1
趣旨	しゅし	1
趨勢	すうせい	0
足	あし	2
足りる	たりる	0
足首	あしくび	2
距離	きょり	1
跪く	ひざまずく	4
路地	ろじ	1
跳ねる	はねる	2
踊り場	おどりば	0
踊る	おどる	0
踏み出す	ふみだす	3
踏む	ふむ	0
踏ん張る	ふんばる	3
踏切	ふみきり	0
蹴る	ける	1
躊躇	ちゅうちょ	1
躓く	つまずく	0
身分	みぶん	1
身勝手	みがって	2
身近	みぢか	0
躱す	かわす	0
車	くるま	0
車庫	しゃこ	1
軋む	きしむ	2
軋轢	あつれき	0
軍事	ぐんじ	1
軒並み	のきなみ	0
軟骨	なんこつ	0
転がす	ころがす	0
転がる	ころがる	0
転じる	てんじる	0
転ぶ	ころぶ	0
転勤	てんきん	0
転機	てんき	1
軽々しい	かるがるしい	5
軽い	かるい	0
軽んじる	かろんじる	4
軽妙	けいみょう	0
軽快	けいかい	0
軽率	けいそつ	0
軽蔑	けいべつ	0
軽視	けいし	1
載せる	のせる	0
輝かしい	かがやかしい	5
輝く	かがやく	3
輸入	ゆにゅう	0
輸出	ゆしゅつ	0
輸血	ゆけつ	0
輸送	ゆそう	0
轟く	とどろく	3
辛い	からい	2
辛うじて	かろうじて	0
辛抱	しんぼう	1
辛抱強い	しんぼうづよい	6
辞書	じしょ	1
辞職	じしょく	0
辱める	はずかしめる	5
農業	のうぎょう	1
辺	へん	0
込み上げる	こみあげる	4
込む	こむ	1
込める	こめる	2
迎える	むかえる	0
迎え入れる	むかえいれる	5
近い	ちかい	2
近く	ちかく	2
近付く	ちかづく	3
近代	きんだい	1
近寄る	ちかよる	3
近所	きんじょ	1
近道	ちかみち	2
近隣	きんりん	0
近頃	ちかごろ	2
返す	かえす	1
返事	へんじ	3
返済	へんさい	0
迫る	せまる	2
述懐	じゅっかい	0
迷い	まよい	3
迷う	まよう	2
迷信	めいしん	0
迷惑	めいわく	1
追いかける	おいかける	4
追い付く	おいつく	3
追い出す	おいだす	3
追い求める	おいもとめる	5
追い立てる	おいたてる	4
追い詰める	おいつめる	4
追い越す	おいこす	3
追い返す	おいかえす	3
追い追い	おいおい	0
追って	おって	0
追憶	ついおく	0
退勤	たいきん	0
退屈	たいくつ	0
退職金	たいしょくきん	0
退院	たいいん	0
送り届ける	おくりとどける	6
送る	おくる	0
逃げる	にげる	2
逃す	のがす	2
逃れる	のがれる	3
逆	ぎゃく	0
逆さま	さかさま	0
逆らう	さからう	3
逆境	ぎゃっきょう	0
逆巻く	さかまく	3
逆説	ぎゃくせつ	0
透明	とうめい	0
逐一	ちくいち	2
途中	とちゅう	0
途切れる	とぎれる	3
途端	とたん	0
途絶える	とだえる	3
這う	はう	1
通う	かよう	0
通じる	つうじる	0
通す	とおす	1
通り	とおり	3
通り過ぎる	とおりすぎる	5
通る	とおる	1
通信	つうしん	0
通常	つうじょう	0
通念	つうねん	1
通訳	つうやく	1
通説	つうせつ	0
通貨	つうか	1
通路	つうろ	1
通院	つういん	0
速い	はやい	2
速やか	すみやか	2
逡巡	しゅんじゅん	0
連ねる	つらねる	3
連休	れんきゅう	0
連帯	れんたい	0
連絡	れんらく	0
連載	れんさい	0
連鎖	れんさ	1
逮捕	たいほ	1
週	しゅう	1
週末	しゅうまつ	0
進む	すすむ	0
進める	すすめる	0
進化	しんか	1
進歩	しんぽ	1
逸らす	そらす	2
逸話	いつわ	0
逼迫	ひっぱく	0
遂げる	とげる	0
遂に	ついに	1
遅い	おそい	0
遅かれ早かれ	おそかれはやかれ	5
遅くとも	おそくとも	4
遅れる	おくれる	0
遅刻	ちこく	0
遊ぶ	あそぶ	0
遊園地	ゆうえんち	3
運	うん	1
運ぶ	はこぶ	0
運よく	うんよく	1
運動	うんどう	0
運動場	うんどうじょう	0
運勢	うんせい	1
運転手	うんてんしゅ	3
遍く	あまねく	3
過ぎる	すぎる	2
過ごす	すごす	2
過不足	かふそく	2
過剰	かじょう	0
過去	かこ	1
過度	かど	1
過渡期	かとき	2
過激	かげき	0
過疎	かそ	1
過程	かてい	0
過酷	かこく	0
道	みち	0
道のり	みちのり	0
道具	どうぐ	3
道徳	どうとく	0
道理	どうり	3
道程	みちのり	0
達人	たつじん	0
達観	たっかん	0
違う	ちがう	0
違反	いはん	0
違法	いほう	0
遜る	へりくだる	4
遜色	そんしょく	0
遠い	とおい	0
遠ざかる	とおざかる	4
遠ざける	とおざける	4
遠心力	えんしんりょく	3
遠慮	えんりょ	0
遠方	えんぽう	0
遠隔	えんかく	0
遡る	さかのぼる	4
適う	かなう	2
適切	てきせつ	0
適否	てきひ	1
適宜	てきぎ	1
適当	てきとう	0
適性	てきせい	0
適法	てきほう	0
遮る	さえぎる	3
遵守	じゅんしゅ	1
選ぶ	えらぶ	2
選手	せんしゅ	1
選択	せんたく	0
選挙	せんきょ	1
遺伝	いでん	0
遺伝子	いでんし	2
遺恨	いこん	0
遺憾	いかん	0
避ける	さける	2
避難	ひなん	1
邂逅	かいこう	0
還元	かんげん	0
邪念	じゃねん	0
邪悪	じゃあく	0
邪魔	じゃま	0
郊外	こうがい	1
部下	ぶか	1
部品	ぶひん	0
部屋	へや	2
部署	ぶしょ	1
部長	ぶちょう	0
部門	ぶもん	1
郵便	ゆうびん	0
郵便局	ゆうびんきょく	3
郷愁	きょうしゅう	0
都会	とかい	0
都市	とし	1
都市化	としか	0
都心	としん	0
配る	くばる	2
配当	はいとう	0
配慮	はいりょ	1
酵素	こうそ	1
酸っぱい	すっぱい	3
酸化	さんか	0
酸素	さんそ	1
醍醐味	だいごみ	3
醒める	さめる	2
醜い	みにくい	3
醤油	しょうゆ	0
醸し出す	かもしだす	4
醸す	かもす	2
釈放	しゃくほう	0
重々しい	おもおもしい	5
重い	おもい	0
重さ	おもさ	0
重ねる	かさねる	0
重んじる	おもんじる	4
重体	じゅうたい	0
重力	じゅうりょく	1
重大	じゅうだい	0
重苦しい	おもくるしい	5
重要	じゅうよう	0
重視	じゅうし	1
重鎮	じゅうちん	0
野党	やとう	1
野心	やしん	1
野望	やぼう	0
野菜	やさい	0
量る	はかる	2
量刑	りょうけい	0
量産	りょうさん	0
金利	きんり	0
金属	きんぞく	1
金曜日	きんようび	3
金融	きんゆう	0
針	はり	1
針小棒大	しんしょうぼうだい	0
針金	はりがね	0
釣る	つる	0
鈍い	にぶい	2
鉄	てつ	0
鉛筆	えんぴつ	0
鉢植え	はちうえ	0
鉱床	こうしょう	0
鉱物	こうぶつ	1
鉱石	こうせき	0
鉱脈	こうみゃく	0
銀	ぎん	1
銀行	ぎんこう	0
銅	どう	1
鋭い	するどい	3
錆びる	さびる	2
鍋	なべ	1
鍛える	きたえる	3
鍛え上げる	きたえあげる	5
鍵	かぎ	2
鍵穴	かぎあな	0
鎮める	しずめる	0
鎮圧	ちんあつ	0
鎮痛	ちんつう	0
鏡	かがみ	3
鑑みる	かんがみる	4
長々しい	ながながしい	5
長い	ながい	2
長ける	たける	2
長さ	ながさ	1
長じる	ちょうじる	0
長所	ちょうしょ	1
長老	ちょうろう	0
門	もん	1
門松	かどまつ	2
閉じる	とじる	2
閉じ込める	とじこめる	4
閉まる	しまる	2
閉める	しめる	2
閉鎖的	へいさてき	0
開く	あく	0
開ける	あける	0
開始	かいし	0
閑散	かんさん	0
閑静	かんせい	1
間	あいだ	0
間に合う	まにあう	3
間もなく	まもなく	2
間取り	まどり	0
間合い	まあい	0
間柄	あいだがら	0
間近	まぢか	1
間違える	まちがえる	4
間隔	かんかく	0
間隙	かんげき	0
間際	まぎわ	1
関わる	かかわる	3
関係	かんけい	0
関心	かんしん	0
関税	かんぜい	0
関節	かんせつ	0
防ぐ	ふせぐ	2
防災	ぼうさい	0
防犯	ぼうはん	0
防衛	ぼうえい	0
阻む	はばむ	2
降りる	おりる	2
降る	ふる	1
限る	かぎる	2
限度	げんど	1
限界	げんかい	0
陥る	おちいる	3
陥れる	おとしいれる	5
陪審	ばいしん	0
陰る	かげる	2
陰惨	いんさん	0
陰湿	いんしつ	0
陰謀	いんぼう	0
陰険	いんけん	0
陶然	とうぜん	0
陶芸	とうげい	0
陶酔	とうすい	0
険しい	けわしい	3
陽子	ようし	1
陽気	ようき	0
隅	すみ	1
隆起	りゅうき	1
階	かい	1
階層	かいそう	0
階段	かいだん	0
随時	ずいじ	1
随筆	ずいひつ	0
隔たり	へだたり	0
隔たる	へだたる	3
隔てる	へだてる	3
隔絶	かくぜつ	0
隙間	すきま	0
際どい	きわどい	3
際立つ	きわだつ	3
障害	しょうがい	0
隠す	かくす	2
隠れる	かくれる	3
隣	となり	0
隣人	りんじん	0
隷属	れいぞく	0
雀の涙	すずめのなみだ	5
雄々しい	おおしい	3
雄大	ゆうだい	0
雄弁	ゆうべん	0
雅趣	がしゅ	1
集う	つどう	2
集まる	あつまる	3
集める	あつめる	3
集団	しゅうだん	0
集大成	しゅうたいせい	3
雇用	こよう	0
雑念	ざつねん	0
雑木林	ぞうきばやし	4
雑然	ざつぜん	0
雑誌	ざっし	0
雑費	ざっぴ	0
離れる	はなれる	3
離別	りべつ	0
難しい	むずかしい	4
難所	なんしょ	3
難民	なんみん	0
難点	なんてん	3
難病	なんびょう	0
難題	なんだい	0
雨	あめ	1
雨戸	あまど	2
雪	ゆき	2
雪解け	ゆきどけ	0
雪辱	せつじょく	0
雰囲気	ふんいき	3
雲	くも	1
雲泥	うんでい	0
零	れい	1
雷	かみなり	3
電光石火	でんこうせっか	5
電力	でんりょく	1
電圧	でんあつ	0
電場	でんば	0
電子	でんし	1
電気	でんき	1
電池	でんち	1
電波	でんぱ	1
電流	でんりゅう	0
電球	でんきゅう	0
電磁波	でんじは	3
電荷	でんか	1
電話	でんわ	0
電話番号	でんわばんごう	4
電車	でんしゃ	0
需給	じゅきゅう	0
需要	じゅよう	0
霜	しも	2
霧	きり	0
霧雨	きりさめ	0
露	つゆ	1
露店	ろてん	0
露骨	ろこつ	0
青	あお	1
青い	あおい	2
静か	しずか	1
静める	しずめる	0
静脈	じょうみゃく	0
静謐	せいひつ	0
非合理	ひごうり	2
非常	ひじょう	0
非常に	ひじょうに	0
非常口	ひじょうぐち	2
非情	ひじょう	0
靡く	なびく	2
面倒	めんどう	3
面倒臭い	めんどうくさい	6
面差し	おもざし	0
面影	おもかげ	0
面持ち	おももち	0
面接	めんせつ	0
面映ゆい	おもはゆい	4
面白い	おもしろい	4
面目	めんぼく	0
面積	めんせき	1
面識	めんしき	0
革	かわ	2
革新的	かくしんてき	0
靭帯	じんたい	0
靴	くつ	2
靴下	くつした	2
鞄	かばん	0
音	おと	2
音楽	おんがく	1
音波	おんぱ	1
音色	ねいろ	0
響く	ひびく	2
頂点	ちょうてん	1
頃合い	ころあい	0
順に	じゅんに	0
順序	じゅんじょ	1
順次	じゅんじ	1
順番	じゅんばん	0
順調	じゅんちょう	0
順路	じゅんろ	1
預かる	あずかる	3
預金	よきん	0
頑丈	がんじょう	0
頑健	がんけん	0
頑固	がんこ	1
頑張る	がんばる	3
頑強	がんきょう	0
頓知	とんち	0
領収書	りょうしゅうしょ	0
領域	りょういき	0
頬	ほお	1
頭	あたま	3
頭痛	ずつう	0
頷く	うなずく	3
頼む	たのむ	2
頼もしい	たのもしい	4
頼る	たよる	2
額	ひたい	0
顎	あご	2
顔	かお	0
願う	ねがう	2
願わくは	ねがわくは	3
願望	がんぼう	0
顛末	てんまつ	0
類似	るいじ	0
顧みる	かえりみる	4
顧客	こきゃく	0
顰める	しかめる	3
風	かぜ	0
風化	ふうか	0
風呂	ふろ	2
風味	ふうみ	1
風情	ふぜい	1
風景	ふうけい	1
風格	ふうかく	0
風潮	ふうちょう	0
風習	ふうしゅう	0
風邪	かぜ	0
颯爽	さっそう	0
飛ばす	とばす	0
飛び出す	とびだす	3
飛び込む	とびこむ	3
飛ぶ	とぶ	0
飛行機	ひこうき	2
食い止める	くいとめる	4
食べる	たべる	2
食べ物	たべもの	3
食堂	しょくどう	0
食費	しょくひ	0
食道	しょくどう	0
飢える	うえる	2
飲み物	のみもの	3
飲む	のむ	1
飴	あめ	0
飼い慣らす	かいならす	4
飼う	かう	1
飽きっぽい	あきっぽい	4
飽きる	あきる	2
飽くまで	あくまで	1
飽和	ほうわ	0
飾る	かざる	0
養う	やしなう	3
養分	ようぶん	1
首尾一貫	しゅびいっかん	1
首相	しゅしょう	0
首脳	しゅのう	0
首都	しゅと	1
首長	しゅちょう	2
香典	こうでん	0
馬	うま	2
馬鹿らしい	ばからしい	4
馳せる	はせる	2
馴れ馴れしい	なれなれしい	5
駅	えき	1
駐車場	ちゅうしゃじょう	0
騒々しい	そうぞうしい	5
騒がしい	さわがしい	4
騒ぐ	さわぐ	2
騒然	そうぜん	0
騒音	そうおん	0
驚く	おどろく	3
驚嘆	きょうたん	0
骨	ほね	2
骨子	こっし	1
骨折	こっせつ	0
骨格	こっかく	0
骨盤	こつばん	0
骨髄	こつずい	0
高い	たかい	2
高さ	たかさ	1
高まる	たかまる	3
高める	たかめる	3
高台	たかだい	0
高尚	こうしょう	0
高慢	こうまん	0
高揚	こうよう	0
高潔	こうけつ	0
高騰	こうとう	0
高齢化	こうれいか	0
鬱屈	うっくつ	0
鬱憤	うっぷん	0
鬼才	きさい	0
魅力	みりょく	0
魚	さかな	0
鮮やか	あざやか	2
鮮明	せんめい	0
鳥	とり	0
鳴く	なく	0
鳴らす	ならす	0
鳴る	なる	0
鶏肉	とりにく	0
麦	むぎ	1
麻痺	まひ	1
麻酔	ますい	0
黄ばむ	きばむ	2
黄昏	たそがれ	0
黄色	きいろ	0
黄色い	きいろい	0
黎明	れいめい	0
黒	くろ	1
黒い	くろい	2
黒ずむ	くろずむ	3
黒っぽい	くろっぽい	4
黒字	くろじ	0
黒幕	くろまく	0
黙認	もくにん	0
黴菌	ばいきん	0
鼓動	こどう	0
鼓膜	こまく	0
鼓舞	こぶ	1
鼻	はな	0
齟齬	そご	1
赤らむ	あからむ	3
あっぷあっぷ	あっぷあっぷ	1
いじいじ	いじいじ	1
いとも	いとも	1
うじうじ	うじうじ	1
うねうね	うねうね	1
おっとり	おっとり	3
がたぴし	がたぴし	1
がっくり	がっくり	3
がつがつ	がつがつ	1
がらんと	がらんと	2
きっかり	きっかり	3
きびきび	きびきび	1
ぎくしゃく	ぎくしゃく	1
ぎざぎざ	ぎざぎざ	1
ぎしぎし	ぎしぎし	1
ぎゅっと	ぎゅっと	0
ぎらぎら	ぎらぎら	1
くねくね	くねくね	1
くらくら	くらくら	1
ぐっと	ぐっと	0
ぐつぐつ	ぐつぐつ	1
ぐんぐん	ぐんぐん	1
けじめ	けじめ	0
けち	けち	1
こじつける	こじつける	4
ころころ	ころころ	1
こんがり	こんがり	3
ごつごつ	ごつごつ	1
ごねる	ごねる	2
さくさく	さくさく	1
さばさば	さばさば	1
さめざめ	さめざめ	3
さらさら	さらさら	1
ざっと	ざっと	0
しくじる	しくじる	3
しゃきしゃき	しゃきしゃき	1
しゃきっと	しゃきっと	2
しょっちゅう	しょっちゅう	1
しんと	しんと	0
しんなり	しんなり	3
じっくり	じっくり	3
じわじわ	じわじわ	1
すかすか	すかすか	0
すくすく	すくすく	2
すたすた	すたすた	2
すんなり	すんなり	3
ずっしり	ずっしり	3
ずばずば	ずばずば	1
ずらり	ずらり	2
ずれ	ずれ	2
ずんぐり	ずんぐり	3
せがむ	せがむ	2
そそっかしい	そそっかしい	5
そっくり	そっくり	3
そよそよ	そよそよ	1
ぞんざい	ぞんざい	3
たじたじ	たじたじ	0
たじろぐ	たじろぐ	3
たらたら	たらたら	1
ちぐはぐ	ちぐはぐ	1
ちょくちょく	ちょくちょく	1
ちょこちょこ	ちょこちょこ	1
ちょろちょろ	ちょろちょろ	1
ちらっと	ちらっと	2
ちらほら	ちらほら	1
つんつん	つんつん	1
てんで	てんで	0
でれでれ	でれでれ	1
とことん	とことん	3
とぼとぼ	とぼとぼ	1
どぎまぎ	どぎまぎ	1
どしどし	どしどし	1
どっと	どっと	0
なみなみ	なみなみ	3
なよなよ	なよなよ	1
にたにた	にたにた	1
にんまり	にんまり	3
はきはき	はきはき	1
ばったり	ばったり	3
ばてる	ばてる	2
ぱっくり	ぱっくり	3
ぱっと	ぱっと	1
ひっそり	ひっそり	3
びっしょり	びっしょり	3
びっしり	びっしり	3
ぴんぴん	ぴんぴん	1
ふっくら	ふっくら	3
ぶすっと	ぶすっと	2
ぶつくさ	ぶつくさ	1
ぷっくり	ぷっくり	3
ぷんぷん	ぷんぷん	1
ぺしゃんこ	ぺしゃんこ	2
ぺちゃくちゃ	ぺちゃくちゃ	1
ほっそり	ほっそり	3
ほっと	ほっと	0
ぼちぼち	ぼちぼち	1
ぽかぽか	ぽかぽか	1
ぽたぽた	ぽたぽた	1
ぽっかり	ぽっかり	3
ぽっきり	ぽっきり	3
ぽっちゃり	ぽっちゃり	3
ぽろぽろ	ぽろぽろ	1
まざまざ	まざまざ	3
みしみし	みしみし	1
むくむく	むくむく	1
むざむざ	むざむざ	1
むしゃくしゃ	むしゃくしゃ	1
むっつり	むっつり	3
むっと	むっと	0
めきめき	めきめき	1
めげる	めげる	2
めっきり	めっきり	3
めらめら	めらめら	1
めりめり	めりめり	1
もぐもぐ	もぐもぐ	1
もじもじ	もじもじ	1
もどかしい	もどかしい	4
もりもり	もりもり	1
やきもき	やきもき	1
やけに	やけに	1
ややこしい	ややこしい	4
ゆとり	ゆとり	0
よちよち	よちよち	1
よもや	よもや	1
よれよれ	よれよれ	0
わいわい	わいわい	1
アウトプット	アウトプット	4
アクセス	アクセス	1
アクセント	アクセント	1
アセスメント	アセスメント	2
アドレス	アドレス	1
アナウンス	アナウンス	3
アフターサービス	アフターサービス	5
アポイント	アポイント	2
アマチュア	アマチュア	0
アリバイ	アリバイ	0
アルコール	アルコール	0
アレルギー	アレルギー	2
アンテナ	アンテナ	0
アーカイブ	アーカイブ	3
インク	インク	0
インサイダー	インサイダー	3
インテリ	インテリ	0
インパクト	インパクト	1
インフレ	インフレ	0
インプット	インプット	3
エプロン	エプロン	1
エリート	エリート	2
エンジン	エンジン	1
オイル	オイル	1
オーケストラ	オーケストラ	3
オーダー	オーダー	1
オートバイ	オートバイ	3
オーナー	オーナー	1
オープン	オープン	1
カジュアル	カジュアル	1
カスタマイズ	カスタマイズ	4
カタログ	カタログ	0
カルチャー	カルチャー	1
カルテ	カルテ	1
カルテル	カルテル	1
カンニング	カンニング	0
カンパ	カンパ	1
カーペット	カーペット	1
ガイド	ガイド	1
キャスター	キャスター	1
キャッシュ	キャッシュ	1
キャッシュレス	キャッシュレス	1
キャッチ	キャッチ	1
キャッチコピー	キャッチコピー	4
キャプテン	キャプテン	1
キャンプ	キャンプ	1
ギャラ	ギャラ	1
クイズ	クイズ	1
クラシック	クラシック	3
クリーニング	クリーニング	4
クリーム	クリーム	2
グラウンド	グラウンド	0
グラフ	グラフ	1
ゲスト	ゲスト	1
ゲリラ	ゲリラ	1
コストパフォーマンス	コストパフォーマンス	5
コネ	コネ	1
コミットメント	コミットメント	2
コラボレーション	コラボレーション	4
コレクション	コレクション	2
コンクリート	コンクリート	4
コンクール	コンクール	3
コンテスト	コンテスト	1
コントラスト	コントラスト	4
コンパクト	コンパクト	1
コーチ	コーチ	1
ゴシップ	ゴシップ	2
サイクル	サイクル	1
サイレン	サイレン	1
サブスクリプション	サブスクリプション	5
サプリメント	サプリメント	1
サボる	サボる	2
サボタージュ	サボタージュ	3
サラリーマン	サラリーマン	3
サークル	サークル	1
シェルター	シェルター	1
シャッター	シャッター	1
シリーズ	シリーズ	2
シンクタンク	シンクタンク	4
シンボル	シンボル	1
シーズン	シーズン	1
シートベルト	シートベルト	4
ジェスチャー	ジェスチャー	1
ジェンダー	ジェンダー	1
ジャーナリスト	ジャーナリスト	4
ジャーナリズム	ジャーナリズム	4
スカウト	スカウト	2
スカーフ	スカーフ	2
スキャンダル	スキャンダル	2
スクープ	スクープ	2
スケート	スケート	0
スケール	スケール	2
スタジオ	スタジオ	0
スタミナ	スタミナ	0
スタンス	スタンス	2
スタンド	スタンド	0
ステークホルダー	ステークホルダー	5
ストック	ストック	2
ストライキ	ストライキ	3
ストーカー	ストーカー	2
スペック	スペック	2
スポット	スポット	2
スムーズ	スムーズ	2
スランプ	スランプ	2
スローガン	スローガン	2
セクション	セクション	1
セクハラ	セクハラ	0
セミナー	セミナー	1
ソース	ソース	1
タイアップ	タイアップ	3
タイトル	タイトル	1
タイヤ	タイヤ	0
ダイジェスト	ダイジェスト	1
ダブル	ダブル	1
ダメージ	ダメージ	2
ダンピング	ダンピング	1
チャンネル	チャンネル	0
チームワーク	チームワーク	4
テナント	テナント	0
テント	テント	1
デザート	デザート	2
デビュー	デビュー	1
デフォルト	デフォルト	2
デフレ	デフレ	0
デマ	デマ	1
デモ	デモ	1
トレードオフ	トレードオフ	5
トレーニング	トレーニング	2
ドナー	ドナー	1
ドライヤー	ドライヤー	0
ドラマ	ドラマ	1
ナンセンス	ナンセンス	1
ナンバー	ナンバー	1
ニックネーム	ニックネーム	4
ニッチ	ニッチ	1
ニュートラル	ニュートラル	1
ニート	ニート	1
ネガティブ	ネガティブ	1
ハイブリッド	ハイブリッド	4
ハプニング	ハプニング	1
バイアス	バイアス	0
バイク	バイク	1
バグ	バグ	1
バケツ	バケツ	0
バッシング	バッシング	0
バブル	バブル	1
バリアフリー	バリアフリー	5
パイプ	パイプ	0
パイロット	パイロット	3
パフォーマンス	パフォーマンス	2
パンフレット	パンフレット	4
ヒアリング	ヒアリング	1
ビニール	ビニール	2
ピクニック	ピクニック	1
ファンド	ファンド	1
フィルター	フィルター	0
フェーズ	フェーズ	1
フライパン	フライパン	0
フランチャイズ	フランチャイズ	4
フリーター	フリーター	2
フリーランス	フリーランス	4
フレックスタイム	フレックスタイム	6
ブランク	ブランク	2
ブレーキ	ブレーキ	2
プロトタイプ	プロトタイプ	4
ヘッドハンティング	ヘッドハンティング	4
ヘリコプター	ヘリコプター	3
ベンチ	ベンチ	1
ベンチャー	ベンチャー	1
ベースアップ	ベースアップ	4
ホワイトカラー	ホワイトカラー	5
ボイコット	ボイコット	3
ボーナス	ボーナス	1
ポジティブ	ポジティブ	1
ポスト	ポスト	1
マスク	マスク	1
マニフェスト	マニフェスト	3
マネーロンダリング	マネーロンダリング	4
マラソン	マラソン	0
マンネリ	マンネリ	0
ミスマッチ	ミスマッチ	3
メッセージ	メッセージ	1
メンタル	メンタル	1
メンター	メンター	1
メンテナンス	メンテナンス	1
ライフライン	ライフライン	4
ラベル	ラベル	1
ランチ	ランチ	1
リコール	リコール	2
リストラ	リストラ	0
リニューアル	リニューアル	2
リハビリ	リハビリ	0
リュックサック	リュックサック	4
リース	リース	1
ルーティン	ルーティン	1
レイオフ	レイオフ	3
レインコート	レインコート	4
レシート	レシート	2
レンタル	レンタル	1
ロッカー	ロッカー	1
ロビー	ロビー	1
ワクチン	ワクチン	1
ワンパターン	ワンパターン	4
いつの間にか	いつのまにか	5
うんと	うんと	1
お守り	おまもり	0
からきし	からきし	0
ぐんと	ぐんと	0
こみ上げる	こみあげる	4
こよなく	こよなく	3
しぶとい	しぶとい	3
すり抜ける	すりぬける	4
すれ違う	すれちがう	4
ずば抜ける	ずばぬける	4
そこそこ	そこそこ	0
にじみ出る	にじみでる	4
のめり込む	のめりこむ	4
はみ出す	はみだす	3
ひっくり返す	ひっくりかえす	5
ひもじい	ひもじい	3
ぶら下がる	ぶらさがる	0
ぶれる	ぶれる	2
まかり通る	まかりとおる	4
まくし立てる	まくしたてる	5
やり抜く	やりぬく	3
やり通す	やりとおす	3
やり遂げる	やりとげる	4
イオン	イオン	1
インフォームドコンセント	インフォームドコンセント	7
オゾン層	オゾンそう	2
ガイドライン	ガイドライン	4
キャッシュフロー	キャッシュフロー	5
グローバリゼーション	グローバリゼーション	6
コラム	コラム	1
コンソーシアム	コンソーシアム	3
サミット	サミット	1
サービス残業	サービスざんぎょう	5
セグメント	セグメント	1
ディスクロージャー	ディスクロージャー	4
トレードマーク	トレードマーク	5
ドキュメンタリー	ドキュメンタリー	3
ナショナリズム	ナショナリズム	4
ベンチマーク	ベンチマーク	4
ホルモン	ホルモン	1
ホームレス	ホームレス	1
ボーダーレス	ボーダーレス	1
ポートフォリオ	ポートフォリオ	4
モラルハザード	モラルハザード	5
リベラル	リベラル	1
一同	いちどう	3
一報	いっぽう	0
一変	いっぺん	0
一律	いちりつ	0
一心に	いっしんに	3
一応	いちおう	0
一念発起	いちねんほっき	5
一挙両得	いっきょりょうとく	1
一攫千金	いっかくせんきん	0
一方的	いっぽうてき	0
一旦	いったん	0
一期一会	いちごいちえ	2
一目散に	いちもくさんに	3
一目瞭然	いちもくりょうぜん	0
一般的	いっぱんてき	0
一触即発	いっしょくそくはつ	0
一連	いちれん	0
丁重	ていちょう	0
万一	まんいち	1
万全	ばんぜん	0
万年雪	まんねんゆき	3
三段論法	さんだんろんぽう	5
三角州	さんかくす	4
上場	じょうじょう	0
上演	じょうえん	0
上空	じょうくう	0
上等	じょうとう	0
上達	じょうたつ	0
上限	じょうげん	0
下心	したごころ	3
下水	げすい	0
下痢	げり	0
下落	げらく	0
下請け	したうけ	0
不可抗力	ふかこうりょく	3
不可解	ふかかい	2
不吉	ふきつ	0
不和	ふわ	1
不均衡	ふきんこう	2
不平	ふへい	0
不当	ふとう	0
不愉快	ふゆかい	2
不憫	ふびん	1
不揃い	ふぞろい	2
不明瞭	ふめいりょう	2
不服	ふふく	0
不毛	ふもう	0
不用意	ふようい	2
不甲斐ない	ふがいない	4
不登校	ふとうこう	2
不眠症	ふみんしょう	0
不祥事	ふしょうじ	2
不穏	ふおん	0
不自然	ふしぜん	2
不要	ふよう	0
不規則	ふきそく	2
不謹慎	ふきんしん	2
不運	ふうん	1
不順	ふじゅん	0
世にも	よにも	1
世の中	よのなか	2
世襲	せしゅう	0
世間体	せけんてい	0
丘陵	きゅうりょう	0
両替	りょうがえ	0
中傷	ちゅうしょう	0
中小企業	ちゅうしょうきぎょう	5
中断	ちゅうだん	0
中立	ちゅうりつ	0
中腹	ちゅうふく	0
中途半端	ちゅうとはんぱ	4
丸々	まるまる	0
丸ごと	まるごと	0
丸め込む	まるめこむ	4
主義	しゅぎ	1
主観性	しゅかんせい	0
久しい	ひさしい	3
乗じる	じょうじる	0
乗っ取る	のっとる	3
乗り切る	のりきる	3
乗り損なう	のりそこなう	5
乗り込む	のりこむ	3
乗り遅れる	のりおくれる	5
乱す	みだす	2
乱れる	みだれる	3
乱獲	らんかく	0
乱用	らんよう	0
乱開発	らんかいはつ	3
乾杯	かんぱい	0
了承	りょうしょう	0
争議	そうぎ	1
二つ返事	ふたつへんじ	4
二者択一	にしゃたくいつ	1
些細	ささい	1
亡命	ぼうめい	0
交じる	まじる	2
交付	こうふ	1
交換	こうかん	0
交易	こうえき	0
交配	こうはい	0
人工知能	じんこうちのう	5
人工衛星	じんこうえいせい	5
人手	ひとで	0
人材	じんざい	0
人混み	ひとごみ	0
人質	ひとじち	0
今なお	いまなお	1
介抱	かいほう	1
仏像	ぶつぞう	0
仏壇	ぶつだん	0
仕える	つかえる	3
仕入れる	しいれる	3
仕切る	しきる	2
仕打ち	しうち	0
仕掛ける	しかける	3
他愛ない	たわいない	4
他言	たごん	0
代わる代わる	かわるがわる	4
代表的	だいひょうてき	0
仮に	かりに	0
仮病	けびょう	0
仲人	なこうど	2
仲立ち	なかだち	0
仲違い	なかたがい	3
企てる	くわだてる	4
企む	たくらむ	3
企業家	きぎょうか	0
伏せる	ふせる	2
伐採	ばっさい	0
休まる	やすまる	3
休業	きゅうぎょう	0
会得	えとく	0
会見	かいけん	0
会費	かいひ	0
会釈	えしゃく	1
伝わる	つたわる	0
伝承	でんしょう	0
伝播	でんぱ	1
伝票	でんぴょう	0
伝統的	でんとうてき	0
伝聞	でんぶん	0
伝言	でんごん	0
伝送	でんそう	0
伝達	でんたつ	0
伴侶	はんりょ	1
伸ばす	のばす	2
似せる	にせる	0
低気圧	ていきあつ	3
住民票	じゅうみんひょう	0
体得	たいとく	0
何とぞ	なにとぞ	0
何より	なにより	1
何気ない	なにげない	4
余程	よほど	0
余裕	よゆう	0
余計	よけい	0
余震	よしん	0
作り出す	つくりだす	4
作戦	さくせん	0
作用	さよう	1
併合	へいごう	0
使い分ける	つかいわける	5
使い切る	つかいきる	4
使い捨て	つかいすて	0
使い込む	つかいこむ	4
使命感	しめいかん	2
使節	しせつ	2
例証	れいしょう	0
侘しい	わびしい	3
供与	きょうよ	1
依存	いぞん	0
価値観	かちかん	3
侮る	あなどる	3
侮蔑	ぶべつ	0
侵害	しんがい	0
侵攻	しんこう	0
侵略	しんりゃく	0
便乗	びんじょう	0
便秘	べんぴ	0
係数	けいすう	3
保全	ほぜん	0
保存	ほぞん	0
保釈	ほしゃく	0
保養	ほよう	0
信仰	しんこう	0
信憑性	しんぴょうせい	0
信条	しんじょう	0
修了	しゅうりょう	0
修復	しゅうふく	0
修行	しゅぎょう	0
俯瞰	ふかん	0
倍率	ばいりつ	0
値切る	ねぎる	2
値打ち	ねうち	0
値踏み	ねぶみ	0
偉大	いだい	0
偏向	へんこう	0
偏屈	へんくつ	1
偏差値	へんさち	3
停戦	ていせん	0
健康診断	けんこうしんだん	5
偵察	ていさつ	0
偶像	ぐうぞう	0
偽る	いつわる	3
偽装	ぎそう	0
偽造	ぎぞう	0
傍ら	かたわら	0
傍聴	ぼうちょう	0
傍証	ぼうしょう	0
傑作	けっさく	0
傘下	さんか	1
備え付ける	そなえつける	5
傷む	いたむ	2
傷付く	きずつく	3
傷心	しょうしん	0
傾倒	けいとう	0
傾聴	けいちょう	0
働きかける	はたらきかける	6
僧侶	そうりょ	1
僻み	ひがみ	3
僻む	ひがむ	2
億劫	おっくう	3
儚い	はかない	3
優に	ゆうに	1
優雅	ゆうが	1
儲かる	もうかる	3
元年	がんねん	1
元手	もとで	0
充実	じゅうじつ	0
兆す	きざす	2
先だって	せんだって	5
先細り	さきぼそり	0
先読み	さきよみ	0
克服	こくふく	0
免税	めんぜい	0
免許	めんきょ	1
免責	めんせき	0
免除	めんじょ	1
党首	とうしゅ	1
入り込む	はいりこむ	4
入力	にゅうりょく	0
入学式	にゅうがくしき	4
全域	ぜんいき	0
全額	ぜんがく	0
八方美人	はっぽうびじん	5
公債	こうさい	0
公判	こうはん	0
公務	こうむ	1
公布	こうふ	1
公明正大	こうめいせいだい	0
公理	こうり	1
公聴会	こうちょうかい	3
公職	こうしょく	0
公表	こうひょう	0
公転	こうてん	0
共働き	ともばたらき	3
共存	きょうぞん	0
共犯	きょうはん	0
共通	きょうつう	0
兵役	へいえき	0
具体化	ぐたいか	0
典型的	てんけいてき	0
典拠	てんきょ	1
兼ね備える	かねそなえる	5
兼用	けんよう	0
内乱	ないらん	0
内戦	ないせん	0
内政	ないせい	0
内省	ないせい	0
内紛	ないふん	0
内輪	うちわ	0
内需	ないじゅ	1
再審	さいしん	0
再編	さいへん	0
冒す	おかす	2
写す	うつす	2
冷え切る	ひえきる	3
冷え込む	ひえこむ	0
冷夏	れいか	1
冷戦	れいせん	0
冷遇	れいぐう	0
凄まじい	すさまじい	4
凝縮	ぎょうしゅく	0
凡庸	ぼんよう	0
処方箋	しょほうせん	0
処罰	しょばつ	1
処遇	しょぐう	0
凹む	へこむ	0
出し渋る	だししぶる	4
出典	しゅってん	0
出向	しゅっこう	0
出回る	でまわる	0
出土	しゅつど	0
出所	でどころ	0
出社	しゅっしゃ	0
出稼ぎ	でかせぎ	0
出血	しゅっけつ	0
出迎える	でむかえる	0
出頭	しゅっとう	0
出鼻	でばな	0
分担	ぶんたん	0
分権	ぶんけん	0
分水嶺	ぶんすいれい	3
分裂	ぶんれつ	0
分類	ぶんるい	0
切に	せつに	1
切り上げる	きりあげる	4
切り抜ける	きりぬける	4
切り捨てる	きりすてる	4
切り詰める	きりつめる	4
切り離す	きりはなす	4
切望	せつぼう	0
切磋琢磨	せっさたくま	1
刈る	かる	0
列強	れっきょう	0
初対面	しょたいめん	2
利かせる	きかせる	0
利口	りこう	0
利息	りそく	0
利権	りけん	0
到着	とうちゃく	0
到達	とうたつ	0
制圧	せいあつ	0
制定	せいてい	0
制限	せいげん	3
刷り込む	すりこむ	3
刺す	さす	1
刺激	しげき	0
刺繍	ししゅう	0
刻々	こっこく	0
剃る	そる	1
則る	のっとる	3
削減	さくげん	0
削除	さくじょ	1
前夜	ぜんや	1
前線	ぜんせん	0
剥がす	はがす	2
副作用	ふくさよう	3
割り出す	わりだす	3
割り切る	わりきる	3
割り引く	わりびく	3
割愛	かつあい	0
割譲	かつじょう	0
創刊	そうかん	0
創業	そうぎょう	0
功名心	こうみょうしん	3
加わる	くわわる	0
加入	かにゅう	0
加盟	かめい	0
劣化	れっか	0
劣悪	れつあく	0
助け合う	たすけあう	4
助成	じょせい	0
助成金	じょせいきん	0
助長	じょちょう	0
努めて	つとめて	2
励み	はげみ	3
労使	ろうし	1
労災	ろうさい	0
効き目	ききめ	0
勇気づける	ゆうきづける	5
動乱	どうらん	0
動悸	どうき	0
動機	どうき	0
動転	どうてん	0
勘違い	かんちがい	3
勝ち抜く	かちぬく	3
勝訴	しょうそ	1
勝負	しょうぶ	1
勢い	いきおい	3
勤め先	つとめさき	0
勧奨	かんしょう	0
勧誘	かんゆう	0
勾留	こうりゅう	0
包帯	ほうたい	0
区切り	くぎり	3
区切る	くぎる	2
区別	くべつ	1
医療費	いりょうひ	2
匿名	とくめい	0
十人十色	じゅうにんといろ	1
千変万化	せんぺんばんか	5
千差万別	せんさばんべつ	1
半ば	なかば	3
半端	はんぱ	0
卑しい	いやしい	3
卒業式	そつぎょうしき	3
単価	たんか	1
単調	たんちょう	0
博識	はくしき	0
占領	せんりょう	0
印刷	いんさつ	0
印象的	いんしょうてき	0
印鑑	いんかん	0
危うく	あやうく	0
危なっかしい	あぶなっかしい	6
危ぶむ	あやぶむ	3
危機	きき	1
危機感	ききかん	2
即日	そくじつ	0
即興	そっきょう	0
却下	きゃっか	1
原告	げんこく	0
原生林	げんせいりん	3
原発	げんぱつ	0
参入	さんにゅう	0
参拝	さんぱい	0
参考	さんこう	0
及び腰	およびごし	0
及第	きゅうだい	0
反応	はんのう	0
反映	はんえい	0
反転	はんてん	0
収拾	しゅうしゅう	0
収束	しゅうそく	0
収穫	しゅうかく	0
収縮	しゅうしゅく	0
収録	しゅうろく	0
取り下げる	とりさげる	4
取り仕切る	とりしきる	4
取り寄せる	とりよせる	0
取り決める	とりきめる	0
取り調べ	とりしらべ	0
取り除く	とりのぞく	0
取捨	しゅしゃ	1
取締役	とりしまりやく	0
受け売り	うけうり	0
受け持つ	うけもつ	3
受講	じゅこう	0
口ずさむ	くちずさむ	4
口伝	くでん	0
口出し	くちだし	0
口止め	くちどめ	0
口添え	くちぞえ	0
口裏	くちうら	0
口論	こうろん	1
古びる	ふるびる	3
召喚	しょうかん	0
召集	しょうしゅう	0
可哀想	かわいそう	4
可能性	かのうせい	0
台頭	たいとう	0
叱責	しっせき	0
史跡	しせき	0
右往左往	うおうさおう	4
号外	ごうがい	0
各論	かくろん	0
合理化	ごうりか	0
同志	どうし	1
名乗り出る	なのりでる	4
名画	めいが	1
名誉	めいよ	1
名誉毀損	めいよきそん	4
吐き捨てる	はきすてる	0
吐く	はく	1
向かい合う	むかいあう	4
向き合う	むきあう	3
向ける	むける	0
否定	ひてい	0
吸い込む	すいこむ	3
吹き出す	ふきだす	3
吹き込む	ふきこむ	3
呆れ果てる	あきれはてる	5
告げ口	つげぐち	0
告発	こくはつ	0
告訴	こくそ	1
周知	しゅうち	1
呪い	のろい	0
味気ない	あじけない	4
呼び掛ける	よびかける	4
和む	なごむ	2
咳き込む	せきこむ	3
品薄	しなうす	0
唐突	とうとつ	0
商い	あきない	2
商店街	しょうてんがい	3
商標	しょうひょう	0
商談	しょうだん	0
問いかける	といかける	4
問う	とう	0
問屋	とんや	0
問診	もんしん	0
啓蒙	けいもう	0
喋る	しゃべる	2
喚起	かんき	1
嘆願	たんがん	0
嘔吐	おうと	1
嘱託	しょくたく	0
嘲る	あざける	3
嘲笑う	あざわらう	4
噛み合う	かみあう	3
囀る	さえずる	3
囁く	ささやく	3
四面楚歌	しめんそか	4
回す	まわす	0
回収	かいしゅう	0
因む	ちなむ	2
因果関係	いんがかんけい	4
困り果てる	こまりはてる	5
困窮	こんきゅう	0
困難	こんなん	1
囲む	かこむ	0
固まる	かたまる	0
固辞	こじ	1
国交	こっこう	0
国債	こくさい	0
国境	こっきょう	0
国庫	こっこ	1
国政	こくせい	0
国際的	こくさいてき	0
土壇場	どたんば	0
土壌	どじょう	0
圧勝	あっしょう	0
圧縮	あっしゅく	0
在宅勤務	ざいたくきんむ	5
地割れ	じわれ	0
地殻	ちかく	0
地盤沈下	じばんちんか	4
地軸	ちじく	0
均一	きんいつ	0
均等	きんとう	0
垂らす	たらす	2
垂直	すいちょく	0
垢抜ける	あかぬける	4
垣間見る	かいまみる	4
埋まる	うまる	0
埋め立て	うめたて	0
埋め立てる	うめたてる	4
埋め込む	うめこむ	3
埋没	まいぼつ	0
執り行う	とりおこなう	0
執心	しゅうしん	0
執行	しっこう	0
培養	ばいよう	0
基金	ききん	2
報い	むくい	3
報じる	ほうじる	0
報道陣	ほうどうじん	3
塞ぎ込む	ふさぎこむ	4
塩辛い	しおからい	4
境内	けいだい	1
境地	きょうち	1
増幅	ぞうふく	0
増産	ぞうさん	0
増税	ぞうぜい	0
壁画	へきが	0
壊滅	かいめつ	0
士気	しき	2
声明	せいめい	0
売り出す	うりだす	3
売り切れ	うりきれ	0
売り切れる	うりきれる	4
売れ行き	うれゆき	0
売買	ばいばい	1
変わり果てる	かわりはてる	5
変動	へんどう	0
変容	へんよう	0
変換	へんかん	0
変数	へんすう	3
変更	へんこう	0
変貌	へんぼう	0
変質	へんしつ	0
変遷	へんせん	0
外れる	はずれる	0
外来	がいらい	0
外来種	がいらいしゅ	3
外注	がいちゅう	0
外食	がいしょく	0
多彩	たさい	0
多様	たよう	0
多種多様	たしゅたよう	1
多額	たがく	0
夢中	むちゅう	0
大いに	おおいに	1
大げさ	おおげさ	0
大して	たいして	1
大人げない	おとなげない	5
大人びる	おとなびる	4
大前提	だいぜんてい	3
大層	たいそう	1
大手	おおて	1
大方	おおかた	0
大晦日	おおみそか	3
大気圏	たいきけん	3
大義名分	たいぎめいぶん	1
大雑把	おおざっぱ	3
天下り	あまくだり	0
天体	てんたい	0
天変地異	てんぺんちい	5
天賦	てんぷ	1
天辺	てっぺん	3
失墜	しっつい	0
失業率	しつぎょうりつ	3
失脚	しっきゃく	0
奇跡	きせき	0
奥地	おくち	1
奥行き	おくゆき	0
奮い立つ	ふるいたつ	4
好奇心	こうきしん	3
如何にも	いかにも	2
妊婦	にんぷ	1
妨害	ぼうがい	0
始終	しじゅう	1
委託	いたく	0
姻戚	いんせき	0
威嚇	いかく	0
嫌がる	いやがる	3
嫌味	いやみ	3
嫌気	いやけ	0
子会社	こがいしゃ	2
子育て	こそだて	2
存在	そんざい	0
存続	そんぞく	0
孤軍奮闘	こぐんふんとう	1
学会	がっかい	0
学位	がくい	1
学府	がくふ	1
学歴	がくれき	0
学籍	がくせき	0
学芸	がくげい	0
学術	がくじゅつ	0
学説	がくせつ	0
学識	がくしき	0
学閥	がくばつ	0
宅配便	たくはいびん	0
安らぎ	やすらぎ	0
安堵	あんど	1
安定	あんてい	0
安易	あんい	1
安泰	あんたい	0
安直	あんちょく	0
完璧	かんぺき	0
官庁	かんちょう	1
官民	かんみん	0
官邸	かんてい	0
定まる	さだまる	3
定休日	ていきゅうび	3
定刻	ていこく	0
定数	ていすう	3
定期券	ていきけん	3
定期的	ていきてき	0
定理	ていり	1
宛先	あてさき	0
宛名	あてな	0
実る	みのる	2
実刑	じっけい	0
実名	じつめい	0
実感	じっかん	0
実況	じっきょう	0
実現	じつげん	0
実相	じっそう	0
実習	じっしゅう	0
実行	じっこう	0
実質	じっしつ	0
客観性	きゃっかんせい	0
宣誓	せんせい	0
家主	やぬし	1
家元	いえもと	0
家計簿	かけいぼ	2
寄り掛かる	よりかかる	4
寄り添う	よりそう	3
寄付	きふ	1
寄越す	よこす	2
密告	みっこく	0
密接	みっせつ	0
密林	みつりん	0
密漁	みつりょう	0
密猟	みつりょう	0
密輸	みつゆ	0
密閉	みっぺい	0
寝たきり	ねたきり	0
寝込む	ねこむ	2
寡占	かせん	0
審理	しんり	1
審美眼	しんびがん	3
対岸	たいがん	0
対峙	たいじ	1
対応	たいおう	0
対数	たいすう	3
対流圏	たいりゅうけん	3
寿命	じゅみょう	0
封じ込める	ふうじこめる	5
封鎖	ふうさ	0
専ら	もっぱら	0
専攻	せんこう	0
専業	せんぎょう	0
射止める	いとめる	3
尋問	じんもん	0
導入	どうにゅう	0
小春日和	こはるびより	4
小銭	こぜに	0
少々	しょうしょう	1
少なくとも	すくなくとも	3
尖る	とがる	2
就任	しゅうにん	0
就労	しゅうろう	0
就学	しゅうがく	0
尺度	しゃくど	1
尻拭い	しりぬぐい	3
尼	あま	1
尽き果てる	つきはてる	4
届け出る	とどけでる	4
屏風	びょうぶ	0
展開	てんかい	0
履修	りしゅう	0
履歴書	りれきしょ	4
山場	やまば	0
山岳	さんがく	0
岩盤	がんばん	0
岩礁	がんしょう	0
峻別	しゅんべつ	0
崩れ落ちる	くずれおちる	5
崩壊	ほうかい	0
嵩張る	かさばる	3
川柳	せんりゅう	1
巡らす	めぐらす	0
巡る	めぐる	0
巡礼	じゅんれい	0
工夫	くふう	0
巧み	たくみ	0
巧拙	こうせつ	0
巨額	きょがく	0
巫女	みこ	1
差し伸べる	さしのべる	4
差し出がましい	さしでがましい	6
差し押さえ	さしおさえ	0
差し替える	さしかえる	0
差し込む	さしこむ	0
差出人	さしだしにん	0
差額	さがく	0
巻き返す	まきかえす	3
巻く	まく	0
布教	ふきょう	0
帝国	ていこく	0
師事	しじ	1
帰化	きか	1
帰宅	きたく	0
帰着	きちゃく	0
帰納	きのう	0
帰趨	きすう	0
帰還	きかん	0
常々	つねづね	2
常時	じょうじ	1
常駐	じょうちゅう	0
幕府	ばくふ	1
幕開け	まくあけ	0
干満	かんまん	0
干潟	ひがた	0
干潮	かんちょう	0
平たい	ひらたい	0
平坦	へいたん	3
平常心	へいじょうしん	3
平易	へいい	1
平穏	へいおん	0
年俸	ねんぽう	0
年賀状	ねんがじょう	3
幹部	かんぶ	1
幼稚	ようち	0
序章	じょしょう	0
度胸	どきょう	1
座り込む	すわりこむ	4
座標	ざひょう	0
廃案	はいあん	0
廃棄物	はいきぶつ	3
廃業	はいぎょう	0
廃止	はいし	0
延々	えんえん	0
延命	えんめい	0
延期	えんき	0
建て替える	たてかえる	0
建設	けんせつ	0
弁別	べんべつ	0
弁明	べんめい	0
弁済	べんさい	0
弁解	べんかい	0
引きずる	ひきずる	0
引き取る	ひきとる	3
引き抜く	ひきぬく	3
引き落とし	ひきおとし	0
引き起こす	ひきおこす	4
引き込む	ひきこむ	3
引け目	ひけめ	0
引っ張る	ひっぱる	3
引っ掛かる	ひっかかる	4
引っ繰り返す	ひっくりかえす	5
引っ込む	ひっこむ	3
引っ込める	ひっこめる	4
引用	いんよう	0
弛緩	しかん	0
弱り切る	よわりきる	4
弱る	よわる	2
張り合い	はりあい	0
強がり	つよがり	3
強制	きょうせい	0
強弁	きょうべん	0
強情	ごうじょう	0
弾ける	はじける	3
弾み	はずみ	0
弾劾	だんがい	0
弾性	だんせい	0
当たり前	あたりまえ	0
当て	あて	0
当て推量	あてずいりょう	3
当選	とうせん	0
彗星	すいせい	0
形骸化	けいがいか	0
彩り	いろどり	0
彫る	ほる	1
役員	やくいん	2
役立つ	やくだつ	3
役職	やくしょく	0
往復	おうふく	0
往診	おうしん	0
征服	せいふく	0
待ち合わせる	まちあわせる	5
待遇	たいぐう	0
後々	のちのち	0
後ほど	のちほど	0
後日	ごじつ	1
従事	じゅうじ	1
復旧	ふっきゅう	0
復興	ふっこう	0
微分	びぶん	0
微笑む	ほほえむ	3
徴兵	ちょうへい	0
徴収	ちょうしゅう	0
徹夜	てつや	0
徹底的	てっていてき	0
心なしか	こころなしか	6
心もとない	こころもとない	6
心地よい	ここちよい	4
心当たり	こころあたり	4
心得	こころえ	3
心意気	こころいき	0
心憎い	こころにくい	5
心掛ける	こころがける	5
心残り	こころのこり	4
心無い	こころない	4
心理	しんり	1
心痛	しんつう	0
心苦しい	こころぐるしい	6
必修	ひっしゅう	0
必死	ひっし	0
忍びない	しのびない	4
忍び込む	しのびこむ	4
忖度	そんたく	1
忘れ物	わすれもの	0
忘却	ぼうきゃく	0
忘年会	ぼうねんかい	3
応募	おうぼ	1
応援	おうえん	0
応用	おうよう	0
応酬	おうしゅう	0
快方	かいほう	0
忽ち	たちまち	0
怖がる	こわがる	3
思いやる	おもいやる	4
思い切り	おもいきり	0
思い当たる	おもいあたる	5
思い浮かぶ	おもいうかぶ	0
思い浮かべる	おもいうかべる	0
思い詰める	おもいつめる	5
思い込み	おもいこみ	0
怠る	おこたる	0
怠慢	たいまん	0
急かす	せかす	2
急変	きゅうへん	0
急激	きゅうげき	0
急速	きゅうそく	0
急遽	きゅうきょ	1
怯む	ひるむ	2
恋しい	こいしい	3
恋慕	れんぼ	1
恐らく	おそらく	2
恐れ	おそれ	3
恥	はじ	2
恩着せがましい	おんきせがましい	7
恭しい	うやうやしい	5
息切れ	いきぎれ	0
息苦しい	いきぐるしい	5
恵まれる	めぐまれる	0
恵み	めぐみ	0
悟り	さとり	0
悠々	ゆうゆう	3
悠々自適	ゆうゆうじてき	0
悠長	ゆうちょう	1
悪びれる	わるびれる	4
悪寒	おかん	0
悪意	あくい	1
悪質	あくしつ	0
悲劇	ひげき	1
悲観的	ひかんてき	0
情動	じょうどう	0
情愛	じょうあい	0
情操	じょうそう	0
情熱	じょうねつ	0
惑わす	まどわす	3
惚れ込む	ほれこむ	3
惜しい	おしい	2
愉快	ゆかい	1
意匠	いしょう	1
意味深長	いみしんちょう	1
意地	いじ	2
意地悪	いじわる	3
意気地	いくじ	1
意気込み	いきごみ	0
意気込む	いきごむ	3
愛おしい	いとおしい	4
愛しい	いとしい	3
感受性	かんじゅせい	0
感情的	かんじょうてき	0
感慨深い	かんがいぶかい	6
感服	かんぷく	0
感染症	かんせんしょう	0
慈悲	じひ	1
慈愛	じあい	0
慎ましい	つつましい	4
慕わしい	したわしい	4
慧眼	けいがん	0
慰謝料	いしゃりょう	2
憂える	うれえる	3
憎たらしい	にくたらしい	5
憎らしい	にくらしい	4
憐憫	れんびん	0
憶測	おくそく	0
懇願	こんがん	0
懐く	なつく	2
懲役	ちょうえき	0
懲戒	ちょうかい	0
懲罰	ちょうばつ	1
成り立つ	なりたつ	3
成人式	せいじんしき	3
成就	じょうじゅ	1
成層圏	せいそうけん	3
成熟	せいじゅく	0
成算	せいさん	0
我慢強い	がまんづよい	5
戒厳令	かいげんれい	3
戒律	かいりつ	0
戦乱	せんらん	0
戦況	せんきょう	0
戸籍	こせき	0
所蔵	しょぞう	0
扇動	せんどう	0
手なずける	てなずける	4
手厚い	てあつい	0
手取り	てどり	3
手応え	てごたえ	2
手薄	てうす	0
手遅れ	ておくれ	2
手際	てぎわ	0
手頃	てごろ	0
打ち合わせ	うちあわせ	0
打ち合わせる	うちあわせる	5
打ち立てる	うちたてる	4
打ち解ける	うちとける	0
打ち込む	うちこむ	0
打撃	だげき	0
打診	だしん	0
払い戻す	はらいもどす	5
払い込む	はらいこむ	4
払拭	ふっしょく	0
扶養	ふよう	0
批判	ひはん	0
技能	ぎのう	1
抉る	えぐる	2
把握	はあく	0
抑制	よくせい	0
抑止	よくし	1
投与	とうよ	1
投票率	とうひょうりつ	3
抗弁	こうべん	1
折り合い	おりあい	0
折り合う	おりあう	3
折衝	せっしょう	0
抜かす	ぬかす	0
抜きん出る	ぬきんでる	4
抜く	ぬく	0
抜ける	ぬける	0
抜け落ちる	ぬけおちる	4
抜擢	ばってき	0
抜粋	ばっすい	0
抱え込む	かかえこむ	4
抵当	ていとう	0
押しのける	おしのける	4
押し切る	おしきる	3
押し寄せる	おしよせる	4
押し掛ける	おしかける	4
押し込む	おしこむ	3
押収	おうしゅう	0
抽出	ちゅうしゅつ	0
抽選	ちゅうせん	0
担保	たんぽ	1
拒絶	きょぜつ	0
拙い	つたない	3
招聘	しょうへい	0
拡充	かくじゅう	0
拡大	かくだい	0
拭う	ぬぐう	2
拾い上げる	ひろいあげる	5
持ちこたえる	もちこたえる	5
持ち出す	もちだす	0
持ち堪える	もちこたえる	5
持ち帰る	もちかえる	3
持て余す	もてあます	4
持参	じさん	0
持続	じぞく	0
指す	さす	1
指定	してい	0
指導	しどう	0
指摘	してき	0
指数	しすう	2
指標	しひょう	0
挑発	ちょうはつ	0
挟まる	はさまる	3
挫く	くじく	2
挫ける	くじける	3
振り分ける	ふりわける	4
振り向く	ふりむく	3
振り回す	ふりまわす	4
振り込み	ふりこみ	0
振り込む	ふりこむ	3
振り返る	ふりかえる	3
振るう	ふるう	0
振る舞う	ふるまう	3
捏造	ねつぞう	0
捕まる	つかまる	0
捕獲	ほかく	0
捕虜	ほりょ	1
捗る	はかどる	3
捜査	そうさ	1
捲る	めくる	0
捻る	ひねる	2
掃除機	そうじき	3
排ガス	はいガス	0
排斥	はいせき	0
排気ガス	はいきガス	4
掘る	ほる	1
掛け軸	かけじく	2
掛け金	かけきん	2
採否	さいひ	1
採点	さいてん	0
探し出す	さがしだす	4
探り出す	さぐりだす	4
探り当てる	さぐりあてる	5
探査	たんさ	1
探求	たんきゅう	0
控除	こうじょ	1
推定	すいてい	0
推敲	すいこう	0
推移	すいい	1
推薦	すいせん	0
掲示板	けいじばん	0
揉める	もめる	0
描き出す	えがきだす	4
提出	ていしゅつ	0
提唱	ていしょう	0
提案	ていあん	0
提言	ていげん	0
提訴	ていそ	1
換算	かんさん	0
換言	かんげん	0
換金	かんきん	0
揺さぶる	ゆさぶる	0
揺らぎ	ゆらぎ	0
揺るぎない	ゆるぎない	4
損	そん	1
損じる	そんじる	3
損得	そんとく	1
損益	そんえき	1
搾取	さくしゅ	1
摂取	せっしゅ	1
摂生	せっせい	0
摘む	つむ	0
摘出	てきしゅつ	0
摘発	てきはつ	0
摩耗	まもう	0
撒く	まく	1
撤去	てっきょ	1
撤回	てっかい	0
撤廃	てっぱい	0
撤退	てったい	0
撮影	さつえい	0
撲滅	ぼくめつ	0
擁立	ようりつ	0
擁護	ようご	1
操業	そうぎょう	0
擦り合わせる	すりあわせる	0
擦る	こする	2
擦れ違う	すれちがう	4
攫う	さらう	0
支え	ささえ	3
支持	しじ	1
支持率	しじりつ	2
支社	ししゃ	1
支給	しきゅう	0
改ざん	かいざん	0
改正	かいせい	0
改竄	かいざん	0
改訂	かいてい	0
改革	かいかく	0
攻め込む	せめこむ	3
放す	はなす	2
放り出す	ほうりだす	4
放映	ほうえい	0
政界	せいかい	0
故意	こい	1
故障	こしょう	0
救助	きゅうじょ	1
救命	きゅうめい	0
救急車	きゅうきゅうしゃ	3
救済	きゅうさい	0
敗戦	はいせん	0
敗訴	はいそ	1
教え込む	おしえこむ	4
教わる	おそわる	0
教壇	きょうだん	0
教材	きょうざい	0
教義	きょうぎ	1
教職	きょうしょく	0
教鞭	きょうべん	0
教養	きょうよう	0
散らかる	ちらかる	0
散る	ちる	0
散乱	さんらん	0
散漫	さんまん	0
数々	かずかず	1
数値	すうち	1
整理	せいり	1
文明	ぶんめい	0
文楽	ぶんらく	1
斜陽	しゃよう	0
斡旋	あっせん	0
断ち切る	たちきる	3
断念	だんねん	3
断絶	だんぜつ	0
断言	だんげん	3
新た	あらた	1
方々	ほうぼう	1
方向	ほうこう	0
方程式	ほうていしき	3
施策	しさく	0
施行	しこう	0
既成概念	きせいがいねん	4
日取り	ひどり	0
日夜	にちや	1
日照り	ひでり	0
日用品	にちようひん	0
日雇い	ひやとい	0
日食	にっしょく	0
旧態依然	きゅうたいいぜん	0
旧跡	きゅうせき	0
早とちり	はやとちり	3
早晩	そうばん	0
明察	めいさつ	0
明快	めいかい	0
明瞭	めいりょう	0
明言	めいげん	0
映える	はえる	2
映し出す	うつしだす	4
是々非々	ぜぜひひ	3
是正	ぜせい	0
時たま	ときたま	0
時事	じじ	1
時代錯誤	じだいさくご	4
時価	じか	1
時効	じこう	0
時期尚早	じきしょうそう	1
普及	ふきゅう	0
景観	けいかん	0
暁	あかつき	0
暖簾	のれん	0
暗中模索	あんちゅうもさく	0
暗号	あんごう	0
暗殺	あんさつ	0
暗証番号	あんしょうばんごう	5
暦	こよみ	3
暴れる	あばれる	0
暴論	ぼうろん	0
暴露	ばくろ	1
暴風雨	ぼうふうう	3
更ける	ふける	2
更年期	こうねんき	3
更迭	こうてつ	0
書き抜く	かきぬく	3
書き換える	かきかえる	4
書き込む	かきこむ	3
書画	しょが	1
書評	しょひょう	0
最善	さいぜん	0
月並み	つきなみ	0
有事	ゆうじ	1
有名無実	ゆうめいむじつ	5
有様	ありさま	2
有権者	ゆうけんしゃ	3
有給	ゆうきゅう	0
有罪	ゆうざい	0
有頂天	うちょうてん	2
服用	ふくよう	0
朗報	ろうほう	0
朗読	ろうどく	0
望み	のぞみ	0
期日	きじつ	1
未熟	みじゅく	0
未遂	みすい	0
本店	ほんてん	0
本懐	ほんかい	0
本望	ほんもう	0
本気	ほんき	0
本番	ほんばん	0
本能	ほんのう	1
杜撰	ずさん	0
条項	じょうこう	0
染まる	そまる	0
染み込む	しみこむ	3
染色	せんしょく	0
査読	さどく	0
栄枯盛衰	えいこせいすい	1
校閲	こうえつ	0
株価	かぶか	2
核家族	かくかぞく	3
根こそぎ	ねこそぎ	2
根回し	ねまわし	2
根強い	ねづよい	3
根性	こんじょう	1
根絶	こんぜつ	0
桁	けた	0
梅雨前線	ばいうぜんせん	4
棄却	ききゃく	0
棄権	きけん	0
植林	しょくりん	0
植民地	しょくみんち	3
検体	けんたい	0
検察	けんさつ	0
検挙	けんきょ	1
検疫	けんえき	0
検討	けんとう	0
検閲	けんえつ	0
極まる	きわまる	3
極める	きわめる	3
極秘	ごくひ	0
極論	きょくろん	0
楽観的	らっかんてき	0
概括	がいかつ	0
概算	がいさん	0
概説	がいせつ	0
概論	がいろん	0
構う	かまう	2
構内	こうない	1
構想	こうそう	0
様変わり	さまがわり	3
標本	ひょうほん	0
標準	ひょうじゅん	0
模倣	もほう	0
模写	もしゃ	1
模索	もさく	0
横たわる	よこたわる	4
横切る	よこぎる	3
横行	おうこう	0
樹海	じゅかい	0
樹立	じゅりつ	0
機密	きみつ	0
機敏	きびん	0
欠勤	けっきん	0
欠員	けついん	0
歓待	かんたい	0
歓談	かんだん	0
歓迎会	かんげいかい	3
正々堂々	せいせいどうどう	0
正否	せいひ	1
正式	せいしき	0
正社員	せいしゃいん	3
正義	せいぎ	1
武装	ぶそう	0
歩み寄る	あゆみよる	0
歩む	あゆむ	2
歪み	ゆがみ	0
歪む	ゆがむ	0
歪める	ゆがめる	0
歯がゆい	はがゆい	3
死にかける	しにかける	4
段丘	だんきゅう	0
殺す	ころす	0
殺到	さっとう	0
殺意	さつい	1
比熱	ひねつ	0
比較	ひかく	0
比較的	ひかくてき	0
毛頭	もうとう	0
民事	みんじ	1
民俗	みんぞく	1
気さく	きさく	0
気の毒	きのどく	3
気まぐれ	きまぐれ	0
気まずい	きまずい	0
気兼ね	きがね	0
気団	きだん	0
気安い	きやすい	3
気後れ	きおくれ	0
気忙しい	きぜわしい	4
気恥ずかしい	きはずかしい	5
気楽	きらく	0
気流	きりゅう	0
気絶	きぜつ	0
気迫	きはく	0
気遣い	きづかい	2
気障	きざ	1
気難しい	きむずかしい	5
気高い	けだかい	3
水墨画	すいぼくが	0
水平	すいへい	0
水臭い	みずくさい	4
氷山	ひょうざん	1
氷河	ひょうが	1
永遠	えいえん	0
求刑	きゅうけい	0
求職	きゅうしょく	0
汚濁	おだく	0
汚職	おしょく	0
汲む	くむ	0
決まって	きまって	0
決め込む	きめこむ	3
決断	けつだん	0
決着	けっちゃく	0
決裁	けっさい	1
決議	けつぎ	1
沈滞	ちんたい	0
沈静	ちんせい	0
沖合	おきあい	0
沖積	ちゅうせき	0
没収	ぼっしゅう	0
没落	ぼつらく	0
沸点	ふってん	1
沼沢	しょうたく	0
沿線	えんせん	0
法人	ほうじん	0
法廷	ほうてい	0
波乱	はらん	0
波乱万丈	はらんばんじょう	1
波及	はきゅう	0
波紋	はもん	0
泣き崩れる	なきくずれる	5
泣く泣く	なくなく	0
注目	ちゅうもく	0
洗い出す	あらいだす	4
洗剤	せんざい	0
洗濯物	せんたくもの	0
活躍	かつやく	0
派遣	はけん	0
流れ込む	ながれこむ	4
流域	りゅういき	0
流派	りゅうは	1
浄瑠璃	じょうるり	0
浅はか	あさはか	2
浪人	ろうにん	0
浮かべる	うかべる	0
浮遊	ふゆう	0
海峡	かいきょう	0
海嶺	かいれい	0
海流	かいりゅう	0
海溝	かいこう	0
浸る	ひたる	0
消耗	しょうもう	0
消長	しょうちょう	0
淑やか	しとやか	2
淘汰	とうた	1
淡い	あわい	2
淡泊	たんぱく	1
深化	しんか	1
深慮	しんりょ	1
深読み	ふかよみ	0
混ざる	まざる	2
混み合う	こみあう	3
混乱	こんらん	0
混同	こんどう	0
混迷	こんめい	0
混雑	こんざつ	1
添う	そう	0
添削	てんさく	0
添加物	てんかぶつ	3
清らか	きよらか	2
清算	せいさん	0
渇望	かつぼう	0
渋い	しぶい	2
渋る	しぶる	2
渋滞	じゅうたい	0
渓谷	けいこく	0
減税	げんぜい	0
温まる	あたたまる	4
温室効果	おんしつこうか	5
温床	おんしょう	0
温情	おんじょう	0
温暖	おんだん	0
湧く	わく	0
湿地	しっち	0
湿布	しっぷ	0
湿疹	しっしん	0
満喫	まんきつ	0
満場一致	まんじょういっち	0
満期	まんき	1
満潮	まんちょう	0
準拠	じゅんきょ	1
溜め込む	ためこむ	3
溶ける	とける	2
溶岩	ようがん	1
滅亡	めつぼう	0
滅入る	めいる	2
滑稽	こっけい	0
滞在	たいざい	0
滲み出る	にじみでる	4
漆器	しっき	0
漏洩	ろうえい	0
演目	えんもく	0
演算	えんざん	0
演繹	えんえき	0
演習	えんしゅう	0
漢方薬	かんぽうやく	3
漲る	みなぎる	3
潔癖	けっぺき	0
潜む	ひそむ	2
潜り込む	もぐりこむ	4
潜る	もぐる	2
潤い	うるおい	0
潤む	うるむ	2
潮位	ちょうい	1
潮汐	ちょうせき	0
潰える	ついえる	3
澄み切る	すみきる	3
激変	げきへん	0
激痛	げきつう	0
濃縮	のうしゅく	0
濯ぐ	すすぐ	0
瀬戸際	せとぎわ	0
火口	かこう	0
炊き出し	たきだし	0
炊飯器	すいはんき	3
炎上	えんじょう	0
炒める	いためる	3
炙り出す	あぶりだす	4
点検	てんけん	0
点滴	てんてき	0
無口	むくち	1
無意味	むいみ	2
無愛想	ぶあいそう	2
無我夢中	むがむちゅう	1
無数	むすう	2
無気力	むきりょく	2
無理難題	むりなんだい	1
無益	むえき	1
無粋	ぶすい	0
無精	ぶしょう	2
無縁	むえん	0
無罪	むざい	1
無責任	むせきにん	2
無造作	むぞうさ	2
無関心	むかんしん	2
無闇	むやみ	1
無難	ぶなん	0
無頓着	むとんちゃく	2
無駄遣い	むだづかい	3
焼き尽くす	やきつくす	4
焼却	しょうきゃく	0
煙たい	けむたい	3
照らし合わせる	てらしあわせる	6
照る	てる	1
照れる	てれる	2
照合	しょうごう	0
煩わす	わずらわす	4
煩雑	はんざつ	0
煮える	にえる	0
煮込む	にこむ	2
煽る	あおる	2
熟れる	うれる	2
熟成	じゅくせい	0
熟知	じゅくち	1
熟練	じゅくれん	0
熟考	じゅっこう	0
熟読	じゅくどく	0
熟議	じゅくぎ	1
熟達	じゅくたつ	0
熱中症	ねっちゅうしょう	0
熱伝導	ねつでんどう	3
熱意	ねつい	1
熱狂	ねっきょう	0
熱量	ねつりょう	2
燃え尽きる	もえつきる	4
爆撃	ばくげき	0
爽快	そうかい	0
片付く	かたづく	3
物々しい	ものものしい	5
物悲しい	ものがなしい	5
物言い	ものいい	3
物議	ぶつぎ	1
物足りない	ものたりない	0
物騒	ぶっそう	3
特使	とくし	1
特例	とくれい	0
特効薬	とっこうやく	3
特定	とくてい	0
特派員	とくはいん	3
特許	とっきょ	1
特需	とくじゅ	0
狂言	きょうげん	3
狙い	ねらい	0
独りでに	ひとりでに	0
独占	どくせん	0
独学	どくがく	0
独断専行	どくだんせんこう	0
独立	どくりつ	0
猛々しい	たけだけしい	5
猛暑	もうしょ	1
猜疑心	さいぎしん	3
献血	けんけつ	0
献金	けんきん	0
猶予	ゆうよ	1
玉石混交	ぎょくせきこんこう	0
王朝	おうちょう	0
理詰め	りづめ	0
理論	りろん	1
瓦解	がかい	0
甘酸っぱい	あまずっぱい	5
甚だ	はなはだ	0
生々しい	なまなましい	5
生きがい	いきがい	0
生き抜く	いきぬく	3
生き残る	いきのこる	4
生き生き	いきいき	3
生け花	いけばな	2
生ぬるい	なまぬるい	4
生み出す	うみだす	3
生半可	なまはんか	0
生息	せいそく	0
生活保護	せいかつほご	5
生活費	せいかつひ	4
生涯学習	しょうがいがくしゅう	5
生産性	せいさんせい	0
生臭い	なまぐさい	4
産む	うむ	0
産業廃棄物	さんぎょうはいきぶつ	7
用地	ようち	1
甲斐	かい	0
申し入れる	もうしいれる	5
申し立て	もうしたて	0
申し立てる	もうしたてる	5
申し訳ない	もうしわけない	6
申告	しんこく	0
申請	しんせい	0
男らしい	おとこらしい	5
画策	かくさく	0
畏怖	いふ	1
畏敬	いけい	0
留まる	とどまる	3
留年	りゅうねん	0
畜産	ちくさん	0
異動	いどう	0
異存	いぞん	0
異常気象	いじょうきしょう	4
異様	いよう	0
畳み掛ける	たたみかける	5
畳み込む	たたみこむ	4
疎い	うとい	2
疎む	うとむ	2
疎外	そがい	0
疎外感	そがいかん	2
疎遠	そえん	0
疑問	ぎもん	0
疑惑	ぎわく	0
疚しい	やましい	3
疲れ切る	つかれきる	4
疲れ果てる	つかれはてる	5
疲労困憊	ひろうこんぱい	0
疲弊	ひへい	0
病原体	びょうげんたい	0
病棟	びょうとう	0
痛快	つうかい	0
痺れる	しびれる	3
療法	りょうほう	0
療養	りょうよう	0
発光	はっこう	0
発掘	はっくつ	0
発揮	はっき	0
発育	はついく	0
発覚	はっかく	0
発足	ほっそく	0
発電	はつでん	0
登場	とうじょう	0
白ける	しらける	3
白黒	しろくろ	0
百戦錬磨	ひゃくせんれんま	5
皆目	かいもく	0
皮算用	かわざんよう	3
盛り込む	もりこむ	3
盛る	もる	0
盛大	せいだい	0
盛況	せいきょう	0
盛衰	せいすい	0
目下	もっか	1
目新しい	めあたらしい	5
目方	めかた	0
目盛り	めもり	0
目立つ	めだつ	2
目算	もくさん	0
目覚める	めざめる	3
目論む	もくろむ	3
目配せ	めくばせ	2
盲信	もうしん	0
盲目的	もうもくてき	0
直に	じかに	1
直感	ちょっかん	0
直観	ちょっかん	0
直轄	ちょっかつ	0
直面	ちょくめん	0
相応	そうおう	0
相棒	あいぼう	0
相槌	あいづち	0
相次ぐ	あいつぐ	1
相続	そうぞく	0
省エネ	しょうエネ	0
省庁	しょうちょう	1
眉唾物	まゆつばもの	0
看病	かんびょう	1
真っ暗	まっくら	3
真っ赤	まっか	3
真っ青	まっさお	3
真空	しんくう	0
着々	ちゃくちゃく	0
着想	ちゃくそう	0
着眼	ちゃくがん	0
着眼点	ちゃくがんてん	3
督促	とくそく	0
睦まじい	むつまじい	4
瞬く間に	またたくまに	3
矢先	やさき	0
知れ渡る	しれわたる	4
知性	ちせい	1
知見	ちけん	0
短気	たんき	1
砂漠化	さばくか	0
研修	けんしゅう	0
研鑽	けんさん	0
砕く	くだく	2
砕ける	くだける	3
砲撃	ほうげき	0
硬直	こうちょく	0
碑文	ひぶん	0
確保	かくほ	1
確率	かくりつ	0
示唆	しさ	1
示談	じだん	0
社交	しゃこう	0
社会保障	しゃかいほしょう	4
社債	しゃさい	0
祈祷	きとう	0
神主	かんぬし	1
神殿	しんでん	0
祟り	たたり	1
祭壇	さいだん	0
禁止	きんし	0
禁錮	きんこ	1
福利厚生	ふくりこうせい	1
秀逸	しゅういつ	0
租税	そぜい	1
移る	うつる	2
移ろい	うつろい	0
移住	いじゅう	0
移動	いどう	0
移行	いこう	0
税制	ぜいせい	0
税収	ぜいしゅう	0
税率	ぜいりつ	0
稚拙	ちせつ	0
稜線	りょうせん	0
稽古	けいこ	1
積み立て	つみたて	0
積分	せきぶん	0
穏便	おんびん	0
空々しい	そらぞらしい	5
空恐ろしい	そらおそろしい	6
空梅雨	からつゆ	0
空洞化	くうどうか	0
空爆	くうばく	0
空疎	くうそ	1
空虚	くうきょ	1
空論	くうろん	0
穿つ	うがつ	2
突きつける	つきつける	4
突き出す	つきだす	3
突き当たる	つきあたる	4
突き抜ける	つきぬける	4
突っぱねる	つっぱねる	4
突っ込む	つっこむ	3
突然変異	とつぜんへんい	5
突破	とっぱ	0
突飛	とっぴ	0
窃盗	せっとう	0
窘める	たしなめる	4
窮地	きゅうち	1
立ち去る	たちさる	0
立ち回る	たちまわる	0
立ち寄る	たちよる	0
立ち尽くす	たちつくす	4
立ち直る	たちなおる	0
立ち込める	たちこめる	4
立てかける	たてかける	4
立て直す	たてなおす	0
立て込む	たてこむ	0
立脚	りっきゃく	0
立脚点	りっきゃくてん	4
立証	りっしょう	0
立論	りつろん	0
竜巻	たつまき	0
竦む	すくむ	0
端数	はすう	2
端末	たんまつ	0
端的	たんてき	0
競る	せる	1
競合	きょうごう	0
筋合い	すじあい	0
答弁	とうべん	1
答申	とうしん	0
管轄	かんかつ	0
簡潔	かんけつ	0
簡略	かんりゃく	0
籠もる	こもる	2
粗悪	そあく	0
粘性	ねんせい	0
粛清	しゅくせい	0
精一杯	せいいっぱい	3
精神	せいしん	1
精神的	せいしんてき	0
精通	せいつう	0
糖尿病	とうにょうびょう	0
糾弾	きゅうだん	0
紀元	きげん	1
紀行	きこう	0
紆余曲折	うよきょくせつ	1
納得	なっとく	0
紐解く	ひもとく	3
紙幣	しへい	1
紙面	しめん	1
紛れもない	まぎれもない	5
紛糾	ふんきゅう	0
紡ぐ	つむぐ	2
累計	るいけい	0
細工	さいく	0
細長い	ほそながい	4
終始	しゅうし	1
終息	しゅうそく	0
終戦	しゅうせん	0
終日	しゅうじつ	0
組み合わせる	くみあわせる	5
組み込む	くみこむ	3
組合	くみあい	0
経る	へる	1
経典	きょうてん	0
経営者	けいえいしゃ	3
結婚式	けっこんしき	3
結末	けつまつ	0
結核	けっかく	0
結託	けったく	0
結集	けっしゅう	0
結露	けつろ	1
絞り込む	しぼりこむ	4
絞る	しぼる	2
絡む	からむ	2
給付	きゅうふ	1
統一	とういつ	0
統合	とうごう	0
統括	とうかつ	0
統計	とうけい	0
絶壁	ぜっぺき	0
絶滅	ぜつめつ	0
継承	けいしょう	0
続報	ぞくほう	0
維持	いじ	1
維新	いしん	1
網羅	もうら	1
綻び	ほころび	0
綻びる	ほころびる	4
総務	そうむ	1
総数	そうすう	3
総裁	そうさい	0
総論	そうろん	0
総額	そうがく	0
緑化	りょっか	0
締まる	しまる	2
締め出す	しめだす	0
締結	ていけつ	0
編み出す	あみだす	3
編む	あむ	1
緩む	ゆるむ	2
緩やか	ゆるやか	2
緩和	かんわ	0
緩慢	かんまん	0
練る	ねる	1
縁故	えんこ	1
縁談	えんだん	0
縦横	じゅうおう	3
縫う	ぬう	1
繁栄	はんえい	0
繋がる	つながる	0
繋ぎ止める	つなぎとめる	5
繋ぐ	つなぐ	0
繰り上げる	くりあげる	4
繰り出す	くりだす	3
纏う	まとう	2
罪	つみ	1
罰則	ばっそく	0
罵倒	ばとう	0
罷免	ひめん	0
羞恥心	しゅうちしん	3
群れる	むれる	2
群島	ぐんとう	0
羨む	うらやむ	3
義援金	ぎえんきん	0
習得	しゅうとく	0
翻弄	ほんろう	0
翻訳	ほんやく	0
老け込む	ふけこむ	0
老後	ろうご	0
老朽化	ろうきゅうか	0
老舗	しにせ	0
老若男女	ろうにゃくなんにょ	5
老衰	ろうすい	0
考え抜く	かんがえぬく	5
考え込む	かんがえこむ	5
考慮	こうりょ	1
考証	こうしょう	0
考量	こうりょう	0
耐え抜く	たえぬく	3
耐久性	たいきゅうせい	0
耕す	たがやす	3
耽る	ふける	2
聖地	せいち	1
聞きつける	ききつける	4
聞き分ける	ききわける	4
聞き取る	ききとる	3
聞き損なう	ききそこなう	5
聞き返す	ききかえす	3
聴講	ちょうこう	0
肖像画	しょうぞうが	0
肥満	ひまん	0
肩書き	かたがき	0
育成	いくせい	0
肺炎	はいえん	0
背信	はいしん	0
胡散臭い	うさんくさい	5
胸騒ぎ	むなさわぎ	3
脅す	おどす	0
脅迫	きょうはく	0
脆い	もろい	2
脆弱	ぜいじゃく	0
脚注	きゃくちゅう	0
脱却	だっきゃく	0
脱臼	だっきゅう	0
脱退	だったい	0
脳卒中	のうそっちゅう	3
腑に落ちない	ふにおちない	4
腰掛ける	こしかける	4
膠着	こうちゃく	0
膨張	ぼうちょう	0
臆断	おくだん	0
臆病	おくびょう	3
臨床	りんしょう	0
臨終	りんじゅう	0
自制心	じせいしん	2
自動的	じどうてき	0
自動販売機	じどうはんばいき	6
自問自答	じもんじとう	0
自嘲	じちょう	0
自意識	じいしき	2
自治体	じちたい	0
自炊	じすい	0
自粛	じしゅく	0
自給率	じきゅうりつ	2
自給自足	じきゅうじそく	0
自説	じせつ	0
自転	じてん	0
至って	いたって	0
至極	しごく	1
至福	しふく	0
致命傷	ちめいしょう	0
興じる	きょうじる	0
興亡	こうぼう	0
興隆	こうりゅう	0
舞い込む	まいこむ	3
艦隊	かんたい	0
色褪せる	いろあせる	4
花見	はなみ	3
芳しい	かんばしい	4
芽生える	めばえる	3
若干	じゃっかん	0
苦痛	くつう	0
苦言	くげん	0
茶室	ちゃしつ	0
草稿	そうこう	0
荒々しい	あらあらしい	5
荒む	すさむ	0
荒れる	あれる	0
荒唐無稽	こうとうむけい	0
荒廃	こうはい	0
荒野	こうや	1
華やか	はなやか	2
萎縮	いしゅく	0
落とし物	おとしもの	0
落款	らっかん	0
落第	らくだい	0
落選	らくせん	0
著作権	ちょさくけん	3
葬式	そうしき	0
蒸し返す	むしかえす	3
蒸気	じょうき	1
蓄電池	ちくでんち	3
蔓延	まんえん	0
蔓延る	はびこる	3
薄々	うすうす	0
薄暗い	うすぐらい	4
薬局	やっきょく	0
蘇生	そせい	0
蘊蓄	うんちく	0
虐げる	しいたげる	4
虐待	ぎゃくたい	0
虚しい	むなしい	3
虚ろ	うつろ	0
虚栄心	きょえいしん	2
蜂起	ほうき	1
蜃気楼	しんきろう	3
融合	ゆうごう	0
融点	ゆうてん	1
融通	ゆうずう	0
血縁	けつえん	0
血行	けっこう	0
行き渡る	いきわたる	4
行き詰まる	ゆきづまる	4
行方	ゆくえ	0
衝撃	しょうげき	0
表示	ひょうじ	0
表裏一体	ひょうりいったい	1
表面化	ひょうめんか	0
衰弱	すいじゃく	0
衰微	すいび	1
衰退	すいたい	0
被る	こうむる	3
被害	ひがい	1
被曝	ひばく	0
裁定	さいてい	0
裁断	さいだん	0
装飾	そうしょく	0
裏付け	うらづけ	0
裏切る	うらぎる	3
補充	ほじゅう	0
補助	ほじょ	1
補填	ほてん	0
補習	ほしゅう	0
補足	ほそく	0
襲撃	しゅうげき	0
要求	ようきゅう	0
見せかける	みせかける	0
見つけ出す	みつけだす	4
見回す	みまわす	0
見守る	みまもる	0
見届ける	みとどける	0
見当	けんとう	3
見捨てる	みすてる	0
見掛ける	みかける	0
見損なう	みそこなう	4
見積もる	みつもる	0
見習い	みならい	0
見聞	けんぶん	0
見舞い	みまい	0
見落とす	みおとす	0
見込む	みこむ	0
見返り	みかえり	0
見通す	みとおす	0
規模	きぼ	1
視点	してん	0
親権	しんけん	0
観光	かんこう	0
観察	かんさつ	0
解任	かいにん	0
解剖	かいぼう	0
解散	かいさん	0
解明	かいめい	0
解決	かいけつ	0
解禁	かいきん	0
解約	かいやく	0
触れ合う	ふれあう	3
言いそびれる	いいそびれる	5
言い付ける	いいつける	4
言い分	いいぶん	0
言い切る	いいきる	3
言い張る	いいはる	3
言い損なう	いいそこなう	5
言い通す	いいとおす	3
言葉遣い	ことばづかい	4
言行一致	げんこういっち	0
言論	げんろん	0
訂正	ていせい	0
訃報	ふほう	0
討論	とうろん	1
訓練	くんれん	1
記載	きさい	0
記述	きじゅつ	0
訴状	そじょう	0
訴追	そつい	0
証明	しょうめい	0
証明書	しょうめいしょ	5
詐欺	さぎ	1
試料	しりょう	1
試行錯誤	しこうさくご	4
詮索	せんさく	0
詰まる	つまる	2
詰めかける	つめかける	4
詰め寄る	つめよる	0
詰め込む	つめこむ	0
話し込む	はなしこむ	4
詳細	しょうさい	0
誇らしい	ほこらしい	4
誇示	こじ	1
認可	にんか	1
誘い出す	さそいだす	4
誘致	ゆうち	1
語り尽くす	かたりつくす	5
語る	かたる	0
誠心誠意	せいしんせいい	5
誤報	ごほう	0
誤差	ごさ	1
誤解	ごかい	0
説得	せっとく	0
読み取る	よみとる	3
読み返す	よみかえす	3
調印	ちょういん	0
談笑	だんしょう	0
談話	だんわ	0
請け負う	うけおう	3
請求書	せいきゅうしょ	5
請負	うけおい	0
請願	せいがん	0
諍い	いさかい	0
論壇	ろんだん	0
論証	ろんしょう	0
論題	ろんだい	0
諦念	ていねん	0
諫める	いさめる	3
諮問	しもん	0
諸々	もろもろ	0
諸島	しょとう	1
講和	こうわ	0
講習	こうしゅう	0
講読	こうどく	0
識見	しきけん	0
警戒心	けいかいしん	3
議事録	ぎじろく	2
議題	ぎだい	0
譲り合う	ゆずりあう	4
豊潤	ほうじゅん	0
豪雨	ごうう	1
負い目	おいめ	0
負傷	ふしょう	0
負担	ふたん	0
財閥	ざいばつ	0
貧乏	びんぼう	1
貧富	ひんぷ	1
貧弱	ひんじゃく	0
貨幣	かへい	1
販路	はんろ	1
貪る	むさぼる	3
貫き通す	つらぬきとおす	5
責め立てる	せめたてる	4
責任感	せきにんかん	3
貯蔵	ちょぞう	0
貶す	けなす	0
買い替える	かいかえる	4
貸し出す	かしだす	3
貸付	かしつけ	0
賃上げ	ちんあげ	0
賄賂	わいろ	1
資格	しかく	0
資金繰り	しきんぐり	0
賑々しい	にぎにぎしい	5
賑わす	にぎわす	3
質実剛健	しつじつごうけん	0
購入	こうにゅう	0
贈収賄	ぞうしゅうわい	3
贋作	がんさく	0
赤潮	あかしお	0
赴任	ふにん	0
起き上がる	おきあがる	0
起承転結	きしょうてんけつ	2
起業	きぎょう	1
超音波	ちょうおんぱ	3
越す	こす	0
跡地	あとち	0
跡継ぎ	あとつぎ	2
跨がる	またがる	3
跨ぐ	またぐ	2
踏まえる	ふまえる	3
踏みにじる	ふみにじる	4
踏み切る	ふみきる	3
踏み締める	ふみしめる	4
踏み込む	ふみこむ	3
踏襲	とうしゅう	0
蹲る	うずくまる	4
身内	みうち	0
身構える	みがまえる	4
躾ける	しつける	3
軌道	きどう	0
軍備	ぐんび	1
軍縮	ぐんしゅく	0
軟弱	なんじゃく	0
軟膏	なんこう	0
転々	てんてん	0
転売	てんばい	0
転嫁	てんか	1
転換	てんかん	0
転職	てんしょく	0
転落	てんらく	0
転載	てんさい	0
軽はずみ	かるはずみ	3
軽微	けいび	1
軽薄	けいはく	0
輪廻	りんね	1
轢く	ひく	0
辛辣	しんらつ	0
辞任	じにん	0
農薬	のうやく	0
辻褄	つじつま	0
込み入る	こみいる	3
辿り着く	たどりつく	4
辿る	たどる	2
迂闊	うかつ	0
迅速	じんそく	0
迎合	げいごう	0
近々	ちかぢか	2
近づける	ちかづける	4
近況	きんきょう	0
返却	へんきゃく	0
迫害	はくがい	0
述べる	のべる	2
迸る	ほとばしる	4
追いつく	おいつく	3
追い払う	おいはらう	4
追い抜く	おいぬく	3
追い込む	おいこむ	3
追う	おう	0
追加	ついか	0
追悼	ついとう	0
追放	ついほう	0
追究	ついきゅう	0
退く	しりぞく	3
退ける	しりぞける	4
退化	たいか	1
退社	たいしゃ	0
退職	たいしょく	0
退陣	たいじん	0
送り出す	おくりだす	4
送別会	そうべつかい	4
送金	そうきん	0
送電	そうでん	0
逃がす	にがす	2
逃げ出す	にげだす	0
逃亡	とうぼう	0
逆効果	ぎゃくこうか	3
逆恨み	さかうらみ	0
逆行	ぎゃっこう	0
透き通る	すきとおる	3
逐次	ちくじ	2
途絶	とぜつ	0
通り抜ける	とおりぬける	5
通り掛かる	とおりかかる	5
通信教育	つうしんきょういく	5
通信社	つうしんしゃ	3
通勤	つうきん	0
通商	つうしょう	0
通報	つうほう	0
通学	つうがく	0
通帳	つうちょう	0
通用	つうよう	0
逞しい	たくましい	4
速報	そくほう	0
造詣	ぞうけい	0
連なる	つらなる	3
連れ出す	つれだす	3
連想	れんそう	0
連携	れんけい	0
連日	れんじつ	0
連立	れんりつ	0
進展	しんてん	0
進言	しんげん	0
逸れる	それる	2
逸品	いっぴん	0
逸材	いつざい	0
逸脱	いつだつ	0
遊説	ゆうぜい	0
運命	うんめい	1
運搬	うんぱん	0
運用	うんよう	0
運賃	うんちん	1
過る	よぎる	2
過信	かしん	0
過労	かろう	0
過労死	かろうし	2
過半数	かはんすう	2
過失	かしつ	0
過密	かみつ	0
道筋	みちすじ	0
達成	たっせい	0
達者	たっしゃ	0
違和感	いわかん	2
違憲	いけん	0
遠隔操作	えんかくそうさ	5
適度	てきど	1
適材適所	てきざいてきしょ	5
遭遇	そうぐう	0
遮断	しゃだん	0
選定	せんてい	0
選考	せんこう	0
遺伝子組み換え	いでんしくみかえ	5
還付	かんぷ	1
邪推	じゃすい	0
郷土	きょうど	1
配信	はいしん	0
配偶者	はいぐうしゃ	3
配備	はいび	1
配属	はいぞく	0
配布	はいふ	0
配達	はいたつ	0
酔う	よう	1
酷使	こくし	1
酷暑	こくしょ	1
酸性雨	さんせいう	3
釈明	しゃくめい	0
重々	じゅうじゅう	0
重たい	おもたい	0
重なる	かさなる	0
重役	じゅうやく	0
重症	じゅうしょう	0
金銭	きんせん	1
釣り合う	つりあう	3
鈍る	にぶる	2
鈍化	どんか	1
鈍感	どんかん	0
鉄則	てっそく	0
銀河	ぎんが	1
銘柄	めいがら	0
錠剤	じょうざい	0
錯綜	さくそう	0
錯覚	さっかく	0
録音	ろくおん	0
鎖国	さこく	0
鑑定	かんてい	0
鑑賞	かんしょう	0
長寿	ちょうじゅ	1
長引く	ながびく	3
門弟	もんてい	0
閉店	へいてん	0
開国	かいこく	0
開店	かいてん	0
開拓	かいたく	0
開発	かいはつ	0
開示	かいじ	1
開票	かいひょう	0
間口	まぐち	1
間違う	まちがう	3
関数	かんすう	3
閣僚	かくりょう	0
閣議	かくぎ	1
閲覧	えつらん	0
閾値	いきち	1
阻止	そし	1
降伏	こうふく	0
限りない	かぎりない	4
陣営	じんえい	0
除く	のぞく	0
陥没	かんぼつ	0
陰り	かげり	3
陰口	かげぐち	2
陰鬱	いんうつ	0
陳列	ちんれつ	0
陳情	ちんじょう	0
陳腐	ちんぷ	1
陳謝	ちんしゃ	1
険悪	けんあく	0
陽炎	かげろう	2
随所	ずいしょ	1
隔離	かくり	1
隕石	いんせき	1
隠蔽	いんぺい	0
雅楽	ががく	1
集中	しゅうちゅう	0
集中豪雨	しゅうちゅうごうう	5
集合	しゅうごう	0
雇う	やとう	2
雑多	ざった	0
雑談	ざつだん	0
離す	はなす	2
離婚	りこん	0
難なく	なんなく	1
難航	なんこう	0
難解	なんかい	0
難関	なんかん	0
雪崩	なだれ	0
雷雨	らいう	1
雷鳴	らいめい	0
電極	でんきょく	0
震える	ふるえる	0
震源	しんげん	0
霊魂	れいこん	1
霜柱	しもばしら	3
霞む	かすむ	0
霧氷	むひょう	0
露呈	ろてい	0
露点	ろてん	0
露見	ろけん	0
青白い	あおじろい	4
静まり返る	しずまりかえる	5
静電気	せいでんき	3
静養	せいよう	0
非凡	ひぼん	0
音沙汰	おとさた	0
頂	いただき	0
順応	じゅんのう	0
順風満帆	じゅんぷうまんぱん	0
預ける	あずける	3
頑な	かたくな	0
頓挫	とんざ	1
領事	りょうじ	1
領土	りょうど	1
頬張る	ほおばる	3
頭ごなし	あたまごなし	4
頭打ち	あたまうち	0
頭数	あたまかず	0
頭金	あたまきん	0
頻度	ひんど	1
頻繁	ひんぱん	0
頼り	たより	1
頼りない	たよりない	4
額面	がくめん	0
顔合わせ	かおあわせ	0
顔見知り	かおみしり	0
顕微鏡	けんびきょう	0
顕著	けんちょ	1
願ってもない	ねがってもない	2
顧慮	こりょ	1
風刺	ふうし	0
風評	ふうひょう	0
飛び上がる	とびあがる	4
飛び回る	とびまわる	4
飛び抜ける	とびぬける	4
飛び越える	とびこえる	4
飛び降りる	とびおりる	4
食い下がる	くいさがる	4
食い込む	くいこむ	3
食い違い	くいちがい	0
食い違う	くいちがう	0
食器	しょっき	0
食料品	しょくりょうひん	0
飢餓	きが	1
飢饉	ききん	2
飲み会	のみかい	0
飲み込む	のみこむ	0
養殖	ようしょく	0
養生	ようじょう	3
首尾	しゅび	1
香ばしい	こうばしい	4
馬耳東風	ばじとうふう	1
馴れ合い	なれあい	0
駆けつける	かけつける	0
駆け付ける	かけつける	0
駆け引き	かけひき	2
駆け抜ける	かけぬける	0
駆け込む	かけこむ	0
駆り立てる	かりたてる	4
駆使	くし	1
駆逐	くちく	0
駐留	ちゅうりゅう	0
騒動	そうどう	1
騙す	だます	2
騰貴	とうき	1
驕り	おごり	0
驚かす	おどろかす	4
驚愕	きょうがく	0
骨董	こっとう	0
高じる	こうじる	0
高度	こうど	1
高気圧	こうきあつ	3
高級	こうきゅう	0
高齢者	こうれいしゃ	3
鬱陶しい	うっとうしい	5
魂胆	こんたん	1
魅力的	みりょくてき	0
麗しい	うるわしい	4
黙り込む	だまりこむ	4
黙る	だまる	2
黙秘	もくひ	1
